UYEISYERI_ID_MASK,label
27447336,0
27447758,0
27447767,0
27447983,1
27448075,1
27448097,0
27448414,0
27449916,0
27451432,1
27452884,0
27454697,0
27455245,0
27455791,0
27455909,0
27456801,1
27457515,0
27458742,0
27460503,1
27460661,0
27460989,1
27462199,0
27462954,0
27462956,1
27463768,1
27466285,0
27467265,0
27467625,1
27470944,1
27470945,1
27471367,1
27471368,1
27471370,0
27471371,1
27472085,1
27472247,0
27472871,1
27474388,0
27474390,0
27480774,0
27480835,0
27481516,0
27482156,1
27482158,0
27482276,1
27482520,1
27482643,0
27485896,1
27486154,1
27486963,0
27488798,0
27489179,1
27490977,1
27492378,0
27492384,1
27492396,1
27492401,0
27493291,1
27493957,0
27495842,0
27495910,1
27497097,0
27497280,0
27500565,0
27501177,1
27501709,1
27501711,1
27501718,1
27501720,0
27501728,0
27501732,1
27501734,1
27501735,1
27501739,1
27501740,0
27501749,1
27501751,0
27501752,1
27501865,0
27501905,0
27501912,0
27501917,1
27501918,0
27501925,1
27501928,1
27501934,0
27501937,0
27501938,1
27501939,1
27501940,0
27501943,0
27501947,1
27501948,0
27501952,0
27501959,1
27501964,0
27501968,0
27501974,0
27501984,0
27501991,0
27501993,0
27501994,1
27501995,1
27501999,0
27502000,0
27502003,1
27502221,1
27503901,1
27505314,0
27505371,1
27505903,0
27508046,1
27509437,0
27510633,0
27510634,0
27510887,1
27511223,1
27511224,1
27511550,1
27512859,1
27512865,1
27513543,0
27516468,0
27518549,0
27518791,0
27519085,0
27520047,1
27520381,0
27520559,1
27520562,1
27520570,0
27521599,1
27521640,1
27522292,1
27524945,0
27525464,1
27525710,1
27525711,0
27525930,0
27525932,0
27526837,0
27526859,1
27528559,1
27528594,0
27531011,0
27531696,0
27533108,1
27533111,0
27533113,1
27533114,1
27533119,0
27533124,1
27534961,0
27535134,1
27535651,0
27537295,0
27537297,1
27537300,0
27537302,1
27537303,1
27537305,1
27537307,0
27537308,1
27537310,1
27537311,1
27538326,1
27538546,1
27539331,0
27539453,1
27539461,0
27539494,0
27543690,0
27544529,0
27545982,0
27550105,0
27550108,0
27551572,0
27551757,0
27552034,0
27552254,0
27552479,1
27552480,0
27552481,1
27554085,0
27555167,0
27555998,1
27557769,1
27557965,0
27558265,0
27558393,0
27559355,1
27560993,1
27561024,0
27561061,0
27562066,0
27562421,1
27562422,1
27563069,0
27564848,1
27565953,1
27566122,1
27571607,0
27572003,0
27572009,0
27572462,0
27574273,0
27574725,1
27578077,1
27578079,1
27580331,1
27582953,1
27583048,0
27584170,1
27584171,0
27586172,0
27589796,0
27590514,1
27592471,0
27592472,0
27595405,0
27595567,0
27598973,1
27601753,0
27603518,1
27603520,1
27605193,1
27605356,1
27610626,0
27610836,1
27613011,1
27613012,0
27615047,1
27615793,0
27615794,0
27615796,0
27615800,0
27615802,0
27615804,0
27615931,1
27619013,0
27619690,0
27620345,0
27622457,0
27622805,0
27623697,0
27623850,0
27623883,0
27624506,1
27625611,1
27628262,1
27629364,1
27629747,0
27629749,0
27630211,1
27630455,1
27631549,1
27632179,0
27633494,1
27634044,0
27634538,0
27634834,0
27634880,0
27636281,0
27636312,1
27636990,0
27637822,0
27637842,1
27638066,0
27638392,0
27639519,0
27641628,0
27641631,0
27646263,1
27646721,0
27647243,0
27647936,1
27649528,0
27649743,1
27650616,1
27650617,0
27652194,1
27652365,0
27653324,0
27653808,1
27655856,0
27657169,0
27657307,1
27657490,0
27657553,1
27658550,0
27660892,0
27661853,0
27662322,0
27663158,0
27663299,0
27664910,1
27665015,1
27666410,0
27667829,1
27669589,1
27671279,0
27671287,0
27671912,0
27673989,0
27674316,0
27674977,1
27676228,0
27676719,0
27677152,0
27677187,1
27679204,0
27680755,0
27681732,1
27681956,0
27682666,0
27683014,0
27683761,1
27683865,0
27684270,0
27685150,1
27685381,0
27685467,1
27685470,1
27685480,0
27685492,1
27685503,1
27685508,0
27685514,0
27685522,0
27685528,0
27685537,0
27685695,0
27685697,0
27685882,1
27686076,1
27686258,1
27686304,0
27686311,0
27686600,0
27686909,0
27687662,1
27687775,0
27688138,0
27688726,0
27690038,0
27690437,1
27690673,1
27690954,0
27692198,0
27692436,1
27692440,1
27692441,0
27692479,1
27692671,0
27692672,0
27694531,0
27694686,1
27695042,0
27696939,0
27697174,0
27698432,0
27702198,0
27703262,0
27703331,0
27703348,0
27703381,0
27703493,1
27703539,1
27703555,1
27703557,0
27703599,1
27705284,0
27707124,1
27707158,0
27707977,0
27709355,0
27711953,1
27713103,0
27713879,0
27714799,0
27714800,1
27717725,0
27721895,0
27721999,0
27723228,0
27723424,0
27723632,1
27724640,0
27724642,1
27725089,0
27726136,0
27726204,0
27726471,1
27727299,0
27727976,1
27727980,1
27728035,1
27729240,1
27729446,1
27729881,0
27730675,1
27731574,0
27731829,0
27732213,1
27732282,0
27732292,0
27732519,1
27732524,0
27732530,0
27732531,1
27732598,0
27732717,0
27732857,0
27733667,0
27733727,0
27733915,0
27733977,0
27733994,0
27734027,0
27734550,0
27734602,0
27738680,1
27738688,1
27738698,1
27738717,1
27738898,0
27738901,1
27738916,1
27738917,0
27738920,1
27738921,0
27738930,0
27738942,0
27738945,0
27738976,0
27738983,0
27739060,0
27742527,0
27743387,0
27743411,0
27745064,1
27746016,1
27746095,0
27748784,0
27748811,0
27749417,1
27749470,1
27752596,1
27753407,1
27753537,0
27753538,0
27755194,0
27755217,0
27755229,0
27755562,1
27755636,0
27755675,1
27756920,0
27757454,0
27757547,1
27757746,0
27760701,0
27760718,1
27764253,0
27764308,0
27768559,0
27768560,0
27768878,0
27768901,0
27768991,0
27769221,0
27769299,0
27769411,1
27769457,0
27769691,0
27769782,0
27769793,0
27771445,1
27813498,0
27816476,0
27816570,0
27839509,0
37789758,0
37966781,0
37966787,0
37966788,0
37966797,1
37966798,0
37966814,0
38871542,0
38961414,0
38961653,1
40431479,1
41688508,0
41947547,1
47303498,0
47866514,1
47886329,0
47886331,0
47913342,1
48044564,0
48122512,1
48177564,1
48177574,0
48208491,1
48208551,0
48232334,1
48232380,1
48232381,0
48232382,1
48232383,0
48232386,1
48269416,0
48345545,0
48365337,0
48365613,0
48461566,1
48503555,1
48584548,0
48747329,1
56320432,1
56366361,1
56443400,1
56578354,1
56664507,0
56734461,0
56879533,1
56907379,1
56978453,1
56978564,0
56978693,0
56978887,1
56978960,0
56979003,0
56979038,0
56979046,0
56979120,0
56979130,0
57018378,1
57172464,0
57329553,1
57636485,1
58063518,0
58113372,0
58345587,0
58485367,1
58638344,0
58706340,0
58760365,0
58932437,0
58932515,0
58955483,0
59054524,1
59094468,1
59203400,1
59203420,1
59240338,1
59240548,1
59321456,1
59356389,0
59452350,0
59482505,0
59482506,1
59635469,1
59793564,0
59827528,0
59902372,0
59932435,0
59932447,1
60060384,0
60126409,0
60157532,1
60187571,0
60327474,0
60492496,1
60492497,1
60492499,1
60492501,0
60492502,1
60492523,0
60492524,0
60550465,0
60601524,1
60680349,0
60718398,0
60718408,0
60915343,1
60943539,0
61094344,1
61193557,0
61193558,0
61226523,0
61413458,1
61413537,0
61451342,1
61451344,0
61451378,1
61451390,1
61489465,1
61537439,0
61818421,0
62022445,0
62022458,1
62225530,0
62255471,1
62255483,0
62289337,0
62384415,0
62442415,0
62474608,0
62474609,1
62474610,0
62474611,1
62474612,1
62474617,0
62474618,1
62474619,1
62474621,0
62474622,1
62474623,0
62474625,1
62474626,0
62474627,1
62474629,1
62474630,1
62474631,0
62474632,0
62474633,0
62474634,1
62474635,1
62474636,0
62474638,1
62474639,0
62474640,0
62474641,1
62474642,1
62474646,0
62474648,0
62474649,0
62474650,1
62474651,1
62474652,1
62474653,1
62474654,1
62474824,0
62474825,0
62474826,0
62474829,1
62474830,1
62474831,0
62474832,1
62474833,0
62474834,1
62474835,0
62474836,1
62474837,1
62474838,0
62474840,1
62474841,1
62474842,1
62474843,1
62474844,0
62474845,1
62474846,1
62474847,1
62474848,0
62474849,0
62474851,0
62474854,1
62474857,1
62474858,1
62474859,1
62474871,0
62474874,1
62474876,0
62474877,1
62474878,1
62474881,0
62474882,1
62474884,1
62474885,1
62474886,1
62474887,1
62474888,1
62474889,1
62474890,1
62474891,1
62474894,1
62474895,0
62474896,0
62474897,1
62474899,1
62474900,1
62474901,1
62474902,0
62474903,1
62474906,1
62474907,1
62474909,1
62474911,1
62475007,1
62475008,1
62475010,1
62475011,0
62475012,1
62475013,1
62475014,0
62475015,1
62475016,1
62475017,0
62475018,0
62475019,1
62475022,1
62475023,0
62475024,1
62475025,1
62475027,1
62475028,1
62475029,1
62475030,0
62475032,0
62475033,1
62475034,1
62475036,0
62475038,1
62475041,1
62475042,1
62475045,1
62475046,1
62475048,1
62475049,0
62475050,1
62475051,0
62475053,1
62475055,1
62475056,1
62475057,1
62475058,0
62475060,1
62475061,1
62475062,1
62475063,0
62475064,1
62475065,1
62475067,1
62475068,1
62475069,1
62475070,1
62475071,1
62475072,1
62475073,1
62475074,0
62475075,1
62475077,1
62475078,1
62475079,1
62475080,1
62475081,0
62475084,1
62475085,1
62475087,1
62475088,1
62475089,1
62475091,1
62475092,0
62475093,1
62475096,0
62475097,0
62475098,1
62475099,1
62475102,0
62475103,0
62475107,1
62475108,0
62475111,0
62475114,1
62475115,1
62475118,1
62475119,1
62475121,1
62475123,1
62475124,1
62475126,0
62475127,1
62475128,1
62475129,1
62475131,0
62475132,1
62475133,1
62475134,0
62475135,1
62475136,1
62475137,1
62475138,1
62475144,0
62475146,0
62475148,1
62475251,1
62475252,1
62475253,0
62475254,1
62475256,1
62475259,1
62475260,1
62475264,1
62475265,1
62475266,1
62475267,1
62475269,0
62475270,1
62475274,1
62475276,0
62475277,1
62475278,0
62475279,0
62475280,0
62475281,0
62475285,1
62475289,1
62475290,1
62475292,0
62475293,0
62475295,1
62475299,1
62475302,1
62475303,0
62475304,0
62475305,1
62475308,1
62475309,1
62475313,1
62475315,0
62475318,1
62475319,1
62475322,1
62475323,1
62475325,1
62475326,1
62475327,0
62475328,1
62475330,0
62475331,0
62475333,1
62475334,0
62475337,0
62475338,1
62475340,0
62475341,0
62475343,1
62475344,0
62475345,1
62475346,1
62475349,0
62475350,0
62475353,1
62475354,0
62475356,1
62475357,1
62475358,1
62475359,1
62475360,0
62475363,1
62475365,1
62475367,1
62475368,1
62475369,0
62475370,0
62475372,1
62475373,0
62475374,1
62475376,1
62475378,0
62475380,1
62475382,1
62475383,0
62475384,0
62475385,0
62475386,0
62475387,0
62475388,1
62475389,0
62475390,1
62475391,0
62475392,0
62475393,1
62475394,0
62475395,0
62475396,1
62475397,0
62475398,1
62475399,1
62475400,1
62475402,1
62475408,1
62475411,1
62475412,1
62475413,1
62475415,1
62475416,1
62475417,1
62475418,1
62475420,1
62475421,0
62475422,1
62475423,1
62475424,1
62475426,1
62475427,0
62475428,0
62475429,1
62475431,0
62475432,1
62475437,1
62475439,1
62475441,1
62475443,1
62475446,1
62475447,1
62475451,1
62475454,0
62475456,0
62475459,1
62475460,1
62475461,1
62475463,0
62475581,0
62475582,1
62475585,1
62475593,1
62475599,1
62475601,0
62475602,1
62475605,0
62475608,1
62475610,1
62475619,1
62475635,0
62475645,0
62475774,1
62475831,1
62475852,0
62638458,0
62744508,0
62744518,1
62744542,1
62744543,0
62744545,0
62744547,1
63022366,1
63022466,0
63022531,0
63136463,0
63243418,0
63285444,0
63594503,0
63629583,0
63629584,1
63660530,0
63701476,1
63728460,1
63728461,1
63728465,1
63728469,1
63728490,1
63728491,1
63728492,0
63873461,1
63966555,1
64041393,0
64041395,0
64106531,0
64135412,0
64218431,1
64263543,1
64263639,0
64298531,0
64330523,0
64364415,1
64449566,0
64483668,1
64619481,0
64688528,1
64754355,1
64786436,0
64958426,1
64958605,0
65048560,0
65207360,1
65287361,0
65287431,0
65326351,0
65358513,0
65402850,0
65504591,1
65533546,0
65533571,0
65723393,1
65775397,0
65879353,1
65879621,1
65914888,0
66312363,1
66359423,0
66397340,1
66430606,0
66473572,0
66704358,1
66733398,0
66749427,0
67040425,1
67069517,0
67097501,0
67170395,0
67170401,1
67326531,1
67454416,0
67486511,1
67545494,0
67613400,0
67768334,0
67768354,0
67795351,1
67795352,1
67795573,1
67821501,1
67883465,0
67883489,0
67883490,0
67923375,1
67923411,1
67923417,1
67950360,1
67978463,0
68012455,0
68012514,1
68012519,0
68042500,1
68085382,1
68282506,0
68312366,1
68312453,1
68357348,1
68357389,1
68434329,1
68434392,1
68530363,1
68574334,0
68616484,1
68655329,0
68655332,0
68655457,0
68686346,0
68686347,1
68686514,0
68722408,1
68759469,1
68759470,1
68759471,1
68759483,1
68794463,1
68794475,0
68838473,0
68838532,0
68878424,0
68878436,0
68878451,0
68913373,1
68913468,0
68913522,0
68992531,0
68992537,0
69027465,0
69067373,0
69067433,0
69067434,0
69067514,0
69145331,1
69185556,0
69248342,0
69248457,1
69312473,0
69392425,0
69392544,1
69425536,0
69478338,1
69478342,0
69478343,0
69478344,0
69478345,1
69486374,1
69486395,0
69518422,0
69518424,0
69667401,0
69667402,1
69705495,1
69818453,1
69846423,0
69846426,0
69886521,1
69920360,0
69920471,1
70077447,1
70178404,0
70206382,0
70206383,1
70206492,0
70278463,0
70278467,0
70278495,0
70278537,0
70278544,0
70278547,0
70321475,0
70349422,1
70377477,1
70434396,0
70484377,1
70691476,1
70691477,1
70691478,1
70691480,1
70924381,1
71033474,1
71814466,0
71814485,1
71852428,1
71852495,1
71930432,0
71930433,1
71930434,0
71930436,0
71930485,1
72030404,1
72075514,1
72229414,1
72308435,0
72308451,1
72349465,0
72349466,1
72418346,0
72504479,1
72572480,0
72611395,0
72706383,0
72706386,1
72792425,1
72847370,0
72916434,0
72916501,1
72916531,0
72916534,1
72960377,1
73001645,1
73051366,1
73083441,0
73159361,0
73159422,1
73159426,0
73159479,1
73210489,0
73210506,0
73210584,1
73210591,1
73210592,1
73269373,0
73269453,0
73387468,0
73387522,0
73419476,1
73419477,0
73459332,0
73459477,0
73459545,0
73495444,0
73495472,0
73553367,1
73553369,1
73585511,0
73618498,0
73618499,1
73618529,0
73618563,0
73700438,0
73700447,0
73700457,0
73758352,1
73758380,0
73758381,0
73758382,1
73758406,1
73790429,1
73824435,0
73901400,1
73901405,0
73901418,1
73901419,1
73933452,1
73959440,0
73996402,1
74032513,0
74098533,0
74132356,0
74132414,0
74132436,1
74132507,0
74174330,0
74201418,0
74234335,1
74234374,1
74234375,0
74267489,0
74267531,0
74316452,0
74316505,1
74353469,1
74353489,0
74390348,1
74417400,1
74498345,0
74498468,1
74498549,1
74498550,1
74589463,1
74646404,1
74646465,0
74718529,1
74761439,0
74921385,0
74957429,1
75073401,0
75073464,0
75073552,1
75073555,1
75073557,1
75073560,1
75106410,0
75170407,0
75170409,1
75170521,1
75214556,1
75261411,1
75261475,1
75298426,1
75298456,0
75298470,0
75402355,0
75402375,1
75477364,1
75561498,1
75561800,0
75626428,0
75663400,1
75747330,0
75787542,0
75821547,1
75854553,1
75854554,0
75854556,0
75854565,1
75854566,0
75854568,0
75854570,0
75854572,1
75854573,0
75854576,0
75854581,1
75854585,0
75854586,0
75854589,0
75854590,1
75854591,0
75946611,0
76027504,0
76027579,0
76027627,1
76027629,0
76068454,0
76068495,1
76127530,0
76204542,1
76204543,1
76284429,0
76369355,1
76404372,0
76438337,1
76610645,1
76610648,1
76654492,0
76654534,1
76654535,1
76763495,0
76763496,0
76801501,0
76836387,0
76836477,0
76836480,1
76836482,1
76836496,1
76836503,1
76836514,0
76936415,1
76936432,0
76936434,1
76936435,0
76972554,0
77170518,0
77205568,0
77247443,0
77247444,1
77247473,1
77247477,0
77247479,1
77247508,0
77247571,0
77280475,0
77357541,0
77392458,0
77392524,1
77431458,1
77431467,1
77431469,1
77431474,1
77431475,1
77431478,1
77431493,1
77431507,1
77431510,1
77431514,0
77431520,1
77431525,1
77431532,0
77431533,1
77431534,1
77431535,0
77431538,0
77431546,1
77431552,1
77431556,0
77431559,1
77431563,1
77431578,1
77431580,1
77431582,1
77431596,1
77431604,0
77467536,0
77467577,0
77567417,1
77567485,1
77567492,0
77637474,1
77673447,1
77707512,0
77707554,0
77770343,0
77770439,1
77770472,0
77770505,0
77770532,0
77841399,1
77841493,0
77879539,1
77923422,1
77923438,1
77974408,0
78044334,1
78044414,1
78113383,0
78113475,0
78145455,1
78145491,1
78263427,1
78448333,1
78484468,1
78516662,0
78566445,0
78598498,1
78629496,1
78629497,0
78666391,1
78666425,1
78698357,1
78698358,1
78698424,0
78756382,1
78756414,1
79876536,1
79876554,0
79876562,1
79922496,1
79922513,1
79956414,1
79956415,1
79987518,1
79987524,0
80077368,0
80077451,0
80077488,0
80116404,0
80116451,0
80147674,1
80147684,0
80147764,0
80147812,0
80177486,0
80177494,0
80177501,0
80177510,1
80231382,1
80326452,1
80326535,0
80359492,0
80359547,1
80493388,0
80535376,1
80610433,0
80610434,0
80610478,0
80666458,1
80782393,1
80944378,0
81018557,1
81018594,1
81054384,0
81110508,0
81148535,1
81286384,1
81321445,0
81321509,0
81321511,0
81321512,1
81359482,1
81359497,1
81493493,0
81572344,0
81572345,0
81572443,0
81572474,0
81572551,1
81618430,0
81618597,0
81618598,1
81618599,0
81667392,0
82046464,0
82046467,1
82046512,0
82092364,1
82133428,1
82133429,1
82200438,0
82237329,1
82237503,1
82237516,1
82321366,0
82409395,0
82500421,0
82500507,1
82500509,0
82500516,1
82536449,0
82536455,1
82536456,1
82536457,1
82536464,1
82587442,1
82631371,1
82631391,0
82736435,1
82785351,1
82785412,1
82815437,0
82889387,0
82924460,0
82997459,1
83034526,1
83094393,0
83094410,0
83094413,1
83094414,1
83162481,0
83205365,1
83205511,0
83250430,1
83250431,1
83250434,1
83250437,1
83250438,1
83250449,1
83306330,0
83341402,0
83341434,1
83341482,0
83341494,0
83376329,0
83426447,0
83426448,1
83426452,0
83426454,0
83461387,1
83461538,1
83566428,1
83566433,0
83566438,1
83566440,0
83566464,0
83566470,1
83566485,0
83566486,1
83566504,0
83605331,0
83605346,0
83605495,0
83605504,0
83656514,0
83656592,0
83758449,1
83758452,1
83758453,1
83758456,1
83758457,1
83758460,1
83758464,1
83758474,1
83758475,1
83836424,0
83836489,1
83868418,0
83868453,0
83908434,0
83908496,1
83908558,0
83939380,0
84127463,1
84127479,0
84127480,0
84203436,1
84203477,0
84260352,0
84296501,0
84331490,0
84371428,0
84371429,0
84399355,0
84469403,1
84640365,0
84674488,0
84772577,1
84772594,1
84772601,1
84772604,1
84812401,1
84879472,0
84879473,1
84914511,1
85001474,0
85141511,0
85273503,1
85348356,1
85348440,1
85425391,0
85537447,0
85606418,0
85606422,0
85606434,0
85606443,1
85647380,0
85647386,0
85647509,1
85647510,0
85689541,1
85736479,1
85736487,1
85736498,0
85776378,1
85776442,0
85893355,1
85893382,0
85893470,1
85893485,0
85929468,0
85976457,1
85976458,1
85976558,0
86023490,0
86023510,0
86083409,0
86083410,1
86083411,1
86160457,1
86160524,0
86160529,1
86160552,1
86216447,0
86216510,0
86287338,1
86392426,1
86472429,0
86530430,0
86530492,0
86530512,0
86591371,0
86646385,1
86646386,1
86681346,0
86723350,1
86828382,0
86828501,0
86907408,0
86935393,0
86971606,0
87013416,0
87013419,0
87013421,1
87013457,1
87055415,0
87055416,0
87095624,1
87233450,1
87233487,0
87327346,1
87327435,1
87430381,1
87430394,0
87471416,0
87511520,1
87620454,1
87620459,0
87686545,0
87727398,0
87818421,1
87887557,0
87920369,1
87920550,1
87953443,1
87953491,0
87953616,1
88026470,1
88026566,0
88085582,1
88085590,0
88207538,0
88261475,1
88261495,1
88301421,1
88333583,0
88377511,1
88425411,0
88425522,1
88458514,0
88489581,0
88489582,0
88489615,1
88616512,1
88654507,1
88654596,1
88654669,1
88796483,0
88796489,1
88796570,1
88796571,0
88996489,0
88996490,0
88996491,0
88996496,0
88996499,0
88996504,0
88996529,0
88996540,0
88996541,0
88996550,1
88996551,0
88996552,0
88996565,0
88996568,0
88996573,0
88996574,0
88996575,0
88996580,0
88996586,0
88996587,0
88996589,1
88996594,0
88996596,0
88996597,0
88996602,0
88996619,0
88996620,0
88996621,0
88996625,0
88996628,0
88996642,0
88996655,0
88996656,0
88996657,0
88996658,0
88996676,1
88996679,1
88996684,1
88996685,0
88996689,0
88996691,0
88996694,0
89072393,0
89103499,0
89103617,0
89141428,1
89141508,1
89141511,0
89171370,0
89205401,0
89306391,0
89392907,0
89392912,1
89393117,1
89457480,0
89494462,1
89609389,1
89609469,1
89609482,0
89640429,1
89640433,1
89640436,1
89640442,1
89710400,1
89710452,0
89818401,0
89818403,0
89818423,1
89849365,0
89920458,1
90009352,1
90043348,1
90043445,0
90200404,0
90234452,1
90234455,1
90305421,0
90305583,0
90334470,1
90334532,0
90400358,1
90400452,0
90480515,1
90480539,0
90480540,1
90480541,0
90480542,1
90480544,1
90480549,0
90480551,1
90480553,1
90516406,1
90542432,0
90542460,0
90598589,1
90666460,1
90666461,1
90666514,1
90847611,1
90903608,1
90903611,0
90995481,0
91022350,0
91022439,0
91061646,0
91129338,0
91184496,0
91184599,1
91249446,1
91282627,1
91282802,0
91310644,0
91364424,1
91364474,0
91397351,0
91397358,1
91397359,1
91397509,1
91397543,1
91397648,1
91431435,0
91431537,1
91431561,0
91431717,0
91431751,1
91467364,0
91467365,1
91502729,0
91502731,0
91556525,0
91588682,1
91626856,1
91664549,1
91780340,1
91804615,0
91804804,0
91853350,0
91853391,1
91853403,0
91919530,0
91919531,0
91986384,0
92001532,0
92060473,1
92152658,1
92249532,1
92283724,1
92377447,1
92377727,1
92446475,1
92490585,0
92490659,0
92490661,0
92523802,0
92587519,1
92621858,0
92666423,1
92666570,0
92705433,1
92705646,1
92895597,1
92895716,0
92895735,1
92962576,1
93041522,1
93041603,1
93041705,1
93254462,1
93289345,1
93289398,0
93289525,0
93363476,0
93400360,1
93424401,0
93424472,0
93424517,0
93465447,0
93498477,1
93498490,0
93539531,1
93570463,1
93570516,0
93631477,0
93631479,0
93631481,0
93631482,0
93666370,0
93666489,0
93702430,1
93702550,0
93773395,1
93773456,0
93810352,0
93834443,0
93872479,1
93872490,0
93872495,0
93947422,1
93947447,1
94006360,0
94006361,0
94077621,1
94118459,1
94149400,1
94149406,1
94149484,1
94210426,0
94210515,1
94243360,1
94243444,0
94243455,0
94243494,0
94243495,1
94243553,0
94243559,0
94243587,0
94243621,1
94279400,0
94279417,0
94279467,0
94279509,0
94279519,1
94314405,0
94314412,0
94314464,0
94345471,1
94345479,1
94345528,0
94345568,1
94345645,0
94403406,0
94403542,1
94403545,1
94403548,0
94439523,1
94475391,1
94643331,1
94686338,1
94686378,1
94686488,1
94721398,0
94793390,1
94793454,0
94829451,1
94829462,0
94829463,0
95000386,0
95034521,1
95034593,1
95034677,1
95034678,1
95070519,0
95070838,0
95070902,0
95070929,1
95070930,1
95070931,1
95070932,1
95070933,1
95070934,1
95070935,1
95070938,0
95070941,1
95070942,0
95070945,0
95070946,0
95070947,1
95070948,1
95070949,1
95070950,1
95070951,1
95070952,1
95070953,1
95070959,1
95162475,1
95239391,1
95239392,0
95276466,1
95276486,0
95276487,1
95403477,1
95445487,0
95525386,0
95525423,1
95590498,1
95590528,1
95630371,1
95630462,0
95667416,0
95948469,0
95993497,1
95993529,0
96093199,1
96093200,0
96093201,1
96126461,0
96126466,1
96126467,1
96209409,0
96209483,1
96244443,0
96529490,1
96529495,1
96563405,1
96563481,0
96563494,1
96644542,0
96785359,0
96785472,0
96882433,1
96882475,1
96882482,0
97004450,0
97067419,1
97067420,1
97102483,0
97141349,0
97229448,1
97229451,1
97329616,1
97418508,1
97418529,0
97493385,1
97518433,0
97518442,0
97556475,1
97645590,1
97688443,0
97790392,1
97790395,1
97790399,0
97790402,0
97790403,1
97790408,1
97790420,0
97790423,1
97790456,0
97827353,0
97827454,0
97827485,0
97893416,0
97893510,1
97928466,1
97992433,1
97992570,0
98066488,1
98115337,0
98115338,1
98115339,0
98115409,0
98115423,1
98115424,1
98115452,0
98115490,1
98115492,0
98115511,1
98151532,1
98218424,1
98218484,1
98379351,1
98379482,0
98379483,1
98446480,0
98482428,0
98482541,0
98519437,1
98519453,0
98519466,0
98519535,0
98519566,0
98567431,0
98567484,0
98702536,1
98740390,0
98740423,0
98740508,0
98878453,0
98910487,1
98946631,0
99007415,0
99039513,0
99039514,0
99039524,1
99039584,0
99039585,0
99039593,0
99123471,0
99229382,0
99229515,0
99229551,0
99229565,1
99229594,0
99229598,1
99263336,1
99263450,1
99263506,1
99263574,0
99302428,0
99334400,1
99334438,0
99394379,0
99394542,0
99394543,1
99394582,1
99394598,0
99428508,1
99428510,0
99467349,1
99467523,0
99467715,0
99501455,1
99543397,0
99543399,0
99576411,1
99576519,0
99612624,0
99653526,1
99653577,1
99653578,1
99788365,1
99788436,1
99896435,1
99930389,1
100034420,0
100034480,1
100034490,1
100119546,1
100208526,1
100208609,1
100244434,1
100244443,0
100244488,1
100297477,0
100329421,0
100329427,1
100392483,0
100537504,0
100603491,1
100724535,0
100825430,0
100825503,1
100825521,0
100899358,1
100937533,1
101033456,1
101145484,0
101188430,0
101222465,1
101321412,1
101358388,1
101358394,1
101402396,0
101402536,0
101434602,1
101434603,0
101434604,0
101554417,0
101691448,0
101691473,0
101790368,1
101790390,1
101825394,0
101825423,0
101825425,0
101864511,0
101897519,0
101946477,1
101946503,0
101984379,1
101984447,0
102159439,0
102196395,0
102231387,0
102305359,1
102364418,0
102435518,1
102845356,0
102868513,0
102868546,1
102903389,1
102903390,1
102903393,1
102903417,0
102903453,0
102903455,1
102903457,1
102974400,0
102974404,1
102974405,1
103004590,0
103060411,0
103060426,1
103094477,0
103094501,0
103094529,0
103135396,1
103135463,1
103181394,0
103212398,1
103212425,1
103212431,0
103212447,0
103212449,0
103212499,0
103243385,0
103304616,0
103304617,0
103304618,0
103304620,0
103338344,0
103338443,1
103338465,1
103338482,0
103338490,0
103410399,0
103410514,0
103457366,1
103494339,1
103494477,0
103535463,1
103535479,1
103614483,1
103843359,1
103843403,0
103843421,0
103843422,1
103843423,1
103843433,0
103892427,0
103979227,1
104019496,0
104086433,1
104127366,1
104171392,0
104171454,1
104209468,1
104284368,0
104284369,0
104310358,0
104310389,1
104310401,0
104310463,1
104351365,0
104393488,1
104443429,1
104483465,1
104548424,1
104548437,1
104585390,1
104585528,1
104634354,0
104634556,0
104680397,0
104777445,0
104854458,0
104854471,1
104974352,0
104974402,0
104974403,1
104974529,0
105015743,0
105068448,1
105118381,1
105118485,1
105118501,1
105118535,1
105158788,0
105203359,0
105203477,1
105243413,0
105243431,0
105243433,0
105243781,1
105315418,1
105315451,0
105315458,0
105361423,1
105400350,1
105400351,1
105449373,1
105449374,0
105449405,0
105449422,1
105449474,0
105449498,0
105509490,1
105600544,1
105600602,1
105644343,0
105644345,0
105644610,1
105683458,1
105683637,1
105797439,0
105797445,1
105797500,0
105797502,0
105797545,1
105797621,0
105834396,1
105834434,0
105834435,0
105834690,1
105834913,0
105834946,1
105878421,1
105878522,1
105984346,0
106119336,1
106119339,0
106119414,1
106208357,1
106208381,0
106319446,0
106319512,0
106509388,0
106543373,1
106543374,0
106543402,1
106543487,1
106543488,0
106713330,1
106713381,0
106713390,1
106713396,1
106713428,0
106713471,1
106765334,0
106805407,0
106805408,0
106805410,1
106805411,0
106805412,0
106805413,0
106805414,0
106805415,0
106805417,0
106805419,0
106805420,0
106805421,0
106805422,1
106805423,1
106805424,0
106805425,1
106805426,1
106805427,0
106805429,1
106805430,1
106805431,0
106805439,0
106805443,0
106805446,0
106951564,1
106951589,1
106951606,0
106951607,0
106991384,0
106991385,1
106991386,1
106991418,1
106991493,0
106991540,0
107094495,0
107140417,0
107140418,0
107140419,1
107140420,0
107199388,0
107199416,1
107199417,1
107199418,0
107247587,0
107247697,1
107297347,1
107346475,1
107401434,0
107468573,0
107468603,0
107524574,1
107568440,0
107618579,0
107656366,0
107906353,0
107906403,0
107906404,1
107906405,1
107906406,0
107906407,1
107906408,1
107906409,1
107906410,1
107974441,1
107974443,0
108009445,0
108050427,1
108099406,0
108141437,1
108141453,0
108196397,0
108196448,0
108196507,0
108281464,0
108363350,0
108422472,0
108422511,1
108422513,0
108461337,1
108461472,1
108496476,1
108548388,0
108548394,1
108648463,0
108699510,1
108890407,1
108890453,0
108967388,0
108967484,1
109016631,0
109057506,0
109115457,0
109115458,1
109115473,0
109115523,1
109154433,1
109154456,1
109191430,1
109191495,0
109191510,0
109191511,0
109239336,1
109239428,1
109239603,0
109274538,0
109334440,1
109334442,1
109334484,0
109334530,1
109334582,0
109408421,0
109408444,1
109512470,0
109512489,1
109574489,0
109574492,0
109574517,0
109619332,1
109619582,1
109619600,0
109708447,0
109708448,0
109756368,1
109756554,1
109818478,0
109818499,0
109818501,1
109818502,0
109818503,0
109818504,0
109818505,0
109818562,0
109856462,0
109856512,1
109894344,0
109894635,0
109981761,0
109981790,1
110044558,0
110044563,1
110084366,0
110084419,1
110084504,0
110084568,1
110119349,1
110119512,0
110168477,0
110206512,0
110206522,1
110341363,0
110341372,0
110341401,0
110407334,0
110407574,1
110407683,0
110407740,0
110444441,0
110444442,0
110444443,0
110444527,0
110491361,1
110491363,1
110491546,0
110533388,1
110533557,0
110533675,0
110533718,0
110533726,0
110533747,1
110596458,1
110596465,1
110596481,0
110596526,0
110596529,1
110596557,0
110596571,1
110596599,1
110641413,1
110641523,0
110641566,0
110641603,0
110641604,0
110675541,1
110675579,0
110774376,0
110774452,1
110774535,1
110774554,1
110918507,0
110958333,1
110994582,1
111049350,0
111049578,1
111088374,0
111088521,1
111124347,0
111124420,1
111161402,0
111197518,0
111197519,1
111197521,1
111197522,0
111197523,0
111197524,0
111197525,0
111197526,0
111197527,0
111247367,0
111247384,0
111247483,0
111286514,1
111326525,0
111326579,1
111368356,1
111405414,0
111458507,0
111496335,1
111496508,0
111542398,0
111542462,0
111617538,0
111617610,1
111734482,1
111811477,0
111811544,1
111853515,0
111886481,1
111886491,0
112030377,1
112030497,1
112161420,0
112266344,1
112427509,0
112497360,1
112730423,0
113001452,1
113001466,0
113042617,1
113073404,1
113129358,0
113129368,0
113129369,1
113129373,1
113165488,1
113865395,0
115366408,1
115366681,1
116848479,0
116848576,1
116892342,0
116892644,1
117045385,0
117090887,1
117091073,0
117139567,1
117203502,1
117203516,1
117203532,0
117203541,0
117310330,1
117310331,0
117310332,0
117421591,0
117500446,1
117500510,1
117538471,0
117538505,0
117728462,1
117728497,1
117765345,1
117765444,0
117805374,1
118066390,0
118066479,0
118066481,1
118395402,0
118395530,0
118446389,1
118506416,1
118506423,0
118506425,1
118522426,0
118585359,1
118682391,0
118682392,0
118682395,0
118682397,0
118682450,0
118718352,1
118718353,0
118718449,0
118718525,0
118756381,0
118756397,0
118792508,0
118792518,1
118852465,0
118889383,0
118889437,0
118927502,0
118927506,1
119057404,0
119057405,0
119057506,0
119057521,1
119093345,1
119093392,1
119093459,1
119093464,1
119213341,0
119213416,0
119281405,1
119281440,1
119332525,0
119332538,0
119332540,1
119371382,1
119555348,1
119555402,1
119555412,1
119727479,0
119799396,1
119855389,0
119855483,0
120669422,0
120669433,1
120712416,1
120754358,1
120754359,1
120754484,0
120754493,1
120754517,1
120859401,1
120859403,0
120894387,1
120894466,1
120944503,1
120988421,1
120988423,1
120988437,1
121032393,0
121811430,1
121811432,0
121957507,0
122025341,1
122025363,0
122086361,0
122086461,1
122086462,0
122154546,0
122301536,1
122301649,0
122467335,0
122467341,1
122467377,1
122513392,1
122576405,1
122576421,0
122639342,1
122804423,0
122891376,0
122891424,0
122891425,1
122946534,1
122946553,1
122946556,1
122946558,1
122946559,0
122946563,1
122946564,1
122946566,0
122946567,1
122946569,1
122946574,1
122946582,1
122946584,1
122946585,0
122946586,1
122946587,0
122946588,0
122946589,1
122946591,1
122946592,1
122946596,1
122946597,1
122946601,0
122946602,1
122946604,0
122946605,1
122946606,1
122946607,0
122946613,0
122946614,1
122946616,1
122946617,0
122946620,1
122969353,1
122969355,1
123017472,1
123057346,0
123136469,0
123136498,0
123136505,1
123218533,0
123454235,0
123495073,1
123495076,1
123495105,1
123647525,1
123698460,0
123698461,1
123698537,0
123827331,0
123827332,1
123827345,1
123901463,1
123957353,1
123957360,0
123957363,1
123957392,0
124111451,1
124178371,1
124178438,0
124297454,1
124404353,1
124404357,0
124404358,1
124404360,0
124404361,1
124404423,1
124533368,0
124533459,1
124533461,0
124690364,1
124690373,1
124755376,0
124755455,0
124811444,1
124908489,1
124999399,1
125058489,0
125110442,0
125157467,0
125334357,1
125334454,1
125387429,0
125443340,0
125443435,0
125443455,1
125443470,1
125483329,1
125560418,1
125605460,1
125711367,0
125711446,1
125711515,0
125711520,1
125837469,1
125997373,0
126056367,0
126056368,0
126106415,0
126365485,0
126433432,1
126559366,1
126604415,1
126604423,0
126604449,1
126604453,0
126604489,1
126647465,1
126699357,0
126699469,1
126763395,0
126763398,0
126763399,0
126856335,1
126856377,1
126856431,1
126856451,1
126962345,0
126962457,0
127011401,1
127011437,1
127011498,1
127076337,1
127156452,0
127156504,0
127243402,0
127243403,0
127243405,0
127243407,0
127243408,1
127243428,0
127243661,1
127293349,0
127293466,1
127474438,0
127474446,1
127525371,1
127525460,1
127525468,0
127525470,0
127525506,1
127626478,1
127626480,0
127671426,0
127671427,1
127671469,1
127738364,0
127856464,1
127907462,0
127956514,1
128025445,1
128104395,1
128197418,0
128197499,1
128197500,1
128197518,1
128489339,0
128489560,1
128611458,0
128659440,1
128718329,0
128718347,1
128718433,0
128762369,0
128762396,0
128762434,1
128762485,0
128864508,0
128864510,1
128990351,0
128990402,0
128990507,1
128990531,1
128990541,0
129050444,1
129097355,0
129097358,1
129176427,0
129176511,0
129176553,0
129176556,0
129262443,0
129262471,0
129336353,0
129336522,1
129364342,1
129415344,1
129415434,0
129415476,0
129415477,1
129487476,1
129487542,0
129615364,1
129663423,0
129901404,0
129901534,0
129954408,0
129954432,0
130017391,0
130017396,0
130017398,0
130017400,0
130062433,0
130139350,1
130215551,1
130294346,1
130294658,1
130343427,1
130343548,1
130343563,0
130421374,0
130473436,0
130473461,0
130525388,1
130582463,0
130582510,0
130696336,0
131101462,0
131101575,1
131159470,1
131240584,1
131240594,1
131240624,0
131370363,1
131370469,1
131370492,1
131370525,1
131426434,1
131426531,0
131612375,0
131697365,0
131697531,1
131846405,0
131846448,1
131960444,0
132019464,1
132019603,0
132136447,1
132136474,1
132136476,1
132217452,0
132217453,0
132217455,0
132217456,1
132217457,1
132217458,1
132217459,0
132217460,0
132217461,1
132217462,1
132217464,1
132217465,1
132217467,1
132217469,1
132217470,0
132217472,0
132217473,1
132217474,1
132217475,0
132217476,0
132217477,0
132217480,1
132217486,0
132217487,1
132217489,1
132217491,1
132217494,0
132217495,1
132217496,1
132217500,0
132361526,0
132415440,0
132482427,1
132482428,0
132482500,1
132482523,1
132542450,0
132542475,1
132542497,1
132657468,1
132839495,1
132839536,1
132925499,0
132970403,1
132970432,0
132970505,0
133080389,0
133080408,1
133135370,1
133135379,0
133242437,1
133242447,0
133289342,1
133289516,1
133537358,1
133861405,1
133861424,0
133861507,0
133914364,1
133914484,1
133991394,1
133991400,1
133991403,1
133991405,0
133991406,0
133991409,1
134042448,0
134113408,0
134113438,1
134113446,0
134113507,0
134148448,1
134267448,0
134315374,0
134315376,1
134365371,1
134365490,0
134416342,0
134416461,1
134458510,1
134538462,1
134597362,0
134650503,1
134705469,1
134705474,1
134759436,1
134759437,1
134903389,0
135000335,0
135000434,0
135067417,0
135125357,0
135125381,1
135125427,1
135179477,0
135348395,0
135348447,0
135348472,0
135348474,0
135459555,0
135589350,1
135623432,1
135770374,1
135770568,0
135770595,1
135823389,1
135823434,1
135823708,0
135867351,0
135957442,0
136054371,1
136732338,0
136732493,1
136799416,1
136987410,0
137030466,1
137110391,0
137159442,0
137217414,1
137263349,1
137263381,1
137310449,0
137310508,0
137400599,1
137454493,0
137509400,1
137566383,0
137566601,1
137566604,0
137701381,1
137701600,0
137764461,0
137764507,1
137764508,1
137816467,1
137816492,1
137816495,1
137816500,0
137934357,0
137934445,0
137934478,1
138012395,0
138012480,0
138012484,1
138012487,0
138012513,1
138101437,0
138101474,0
138101489,1
138101547,0
138176510,0
138224340,0
138224394,0
138224399,0
138224400,0
138224502,1
138307531,1
138417336,0
138417575,0
138417614,1
138475450,0
138475569,1
138475572,0
138475586,0
138475659,0
138475684,0
138521504,0
138604329,1
138604458,1
138604464,1
138604479,1
138604486,1
138604510,1
138604533,0
138604553,1
138604581,0
138604582,0
138661398,0
138661417,1
138661436,0
138661456,0
138661480,0
138661490,0
138661524,0
138661546,1
138730413,1
138730432,1
138730499,1
138790492,1
138790506,0
138790585,0
138790592,0
138851524,0
138940485,1
138996698,1
139138388,0
139138391,0
139138397,1
139138403,1
139138417,0
139138430,0
139138446,1
139138457,0
139138460,1
139138462,0
139138463,0
139138485,1
139138494,0
139138530,1
139138701,0
139204417,1
139204420,1
139266398,1
139266535,1
139338570,0
139480473,0
139480528,0
139480530,0
139480546,0
139480581,1
139480587,1
140719504,1
140772463,1
140772564,1
141012407,0
141082571,1
141082629,1
141223474,0
141223645,0
141290626,1
141351615,0
141351713,0
141466529,0
141466635,0
141552619,1
141622466,0
141724486,1
141724559,1
141775527,1
141861495,0
141926410,0
141983496,1
141983582,1
141983706,1
141983761,1
141983763,1
142051414,0
142112422,1
142112471,1
142198571,0
142271586,0
142330356,0
142394608,1
142394647,0
142609393,0
142609716,0
142671562,1
142765490,1
142765497,0
142765543,0
142765546,0
142765567,1
142765591,0
142889378,0
142889515,1
143078577,1
143142577,0
143581460,0
143787449,1
143787542,0
144357366,0
144357479,1
144559441,0
144559686,0
144559687,0
144616488,1
144705460,0
144705498,1
144763329,1
144763441,1
144895569,0
144895580,0
144952357,0
144952481,1
145101366,1
145152476,0
145152482,1
145152483,1
145152484,1
145152486,1
145152487,1
145152488,1
145152490,0
145152492,1
145152495,1
145152496,1
145152500,1
145152501,0
145152502,1
145152503,0
145152505,0
145152506,1
145152512,0
145152514,1
145152515,0
145152516,0
145152713,1
145225342,1
145290567,0
145290587,0
145386485,0
145510472,0
145510614,0
145510629,0
145589454,0
145589566,1
145589570,0
145589730,0
145730408,0
145730646,0
145789439,1
145789606,1
145789704,1
145789715,1
145939400,1
145997578,1
145997728,0
146050377,1
146050390,1
146050391,1
146050392,1
146050396,1
146083560,1
146083586,1
146153733,0
146153778,0
146290761,1
146442405,0
146442534,0
146562540,0
146562668,0
146562695,1
146692556,1
146797490,1
146797491,1
146797523,1
146856678,1
146856702,1
146856723,1
146932416,0
147057581,0
147057668,1
147157343,0
147157394,1
147230402,1
147414461,1
147414718,1
147414784,0
147509532,0
147509611,0
147509694,0
147593390,1
147593896,1
147732784,1
147732787,1
147766395,0
147766480,1
147766497,0
147766564,1
147766730,0
147766761,1
147767004,1
147858494,1
147858495,1
147858638,0
147858671,1
147858683,0
147919587,1
147919814,1
147980511,0
147980804,1
148128337,0
148209498,0
148339420,0
148339423,0
148409573,0
148409703,0
148578394,0
148578728,0
148635701,0
148705420,1
148705581,0
148705587,0
148919616,0
148919617,0
148981338,0
148981339,0
148981341,0
148981567,0
148981613,0
149061700,1
151852746,1
151925349,0
151925454,1
151925507,0
151981488,0
151981805,0
152052571,1
152052676,0
152052775,1
152139526,1
152139626,1
152139652,1
152139739,1
152294367,1
152294682,0
152400406,1
152458462,0
152458730,0
152567344,0
152567748,0
152567773,1
152631679,0
152696487,0
152696500,0
152696718,1
152696743,1
152946626,1
153007342,1
153007653,0
153007701,1
153007753,0
153071371,0
153071673,0
153139685,0
153190553,1
153190644,1
153190661,1
153190727,0
153190782,1
153281457,1
153281502,1
153281528,1
153281622,0
153281624,1
153333475,0
153333597,0
153333666,0
153333676,0
153392514,1
153392532,0
153392540,1
153392547,1
153392602,0
153392607,0
153392687,0
153392689,0
153452547,0
153452725,0
153452739,1
153507458,1
153507521,1
153507692,0
153507711,1
153507758,0
153601352,1
153601493,1
153601498,1
153601629,1
153654487,1
153706686,1
153706695,0
153706697,0
153706700,1
153706704,1
153706711,0
153706735,1
153771519,1
153771546,1
153771561,0
153821665,0
153821695,1
153935680,1
153935682,1
153935685,1
153935708,0
153985649,1
153985652,1
153985661,1
153985662,0
154059379,0
154059380,1
154059383,0
154059523,0
154059681,0
154121377,1
154121500,1
154172408,0
154172596,1
154227329,0
154258392,0
154258509,1
154316378,1
154316516,1
154316517,0
154374633,1
154374642,1
154374651,0
154374652,0
154374657,0
154374663,0
154374673,0
154374677,0
154374683,0
154374686,0
154374688,0
154374690,0
154437339,0
154437391,1
154437471,1
154437511,0
154437599,1
154437611,0
154437613,1
154437614,0
154437650,1
154437652,1
154533485,1
154533536,1
154533543,1
154533553,1
154533628,1
154651361,0
154651413,0
154714365,1
154829419,0
154829425,1
154829563,1
154883346,1
154917375,0
154917838,0
154917841,0
154917904,0
154917907,0
154917938,0
154918000,0
155023413,1
155090748,1
155090801,0
155142398,1
155142457,0
155142620,1
155233357,1
155249945,1
155313389,1
155313415,0
155313425,1
155313433,0
155313487,0
155376618,0
155445429,1
155445461,1
155488560,1
155631451,0
155751549,0
155751562,1
155797438,1
155882401,0
155882411,0
155882415,0
155882419,0
155882423,1
155882427,0
155882485,1
155933334,0
155933498,1
155933500,1
155933582,0
155987383,1
155987396,1
155987521,0
156050384,1
156050522,1
156098527,1
156185381,0
156185412,0
156290555,0
156399515,1
156399593,1
156486436,1
156486544,0
156536418,1
156669329,1
156729532,0
156822339,1
156838590,1
156892338,1
160968365,1
160968428,1
161078359,0
161151373,1
161151428,0
161192489,0
161192540,0
161274446,1
161274472,1
161324643,0
161324644,1
161438401,1
161438419,0
161438461,0
161438600,0
161482430,0
161482583,0
161586569,0
161586599,1
161586642,1
161586695,0
161586704,1
161586705,1
161700437,1
161700442,0
161700594,1
161751571,1
161843382,0
161900403,1
161959475,0
161959548,0
162018417,1
162018422,0
162018579,0
162018630,0
162102552,0
162102586,0
162169463,0
162169498,0
162245430,0
162245435,0
162245437,1
162245444,0
162245451,1
162245565,0
162278459,0
162343573,1
162343632,0
162343662,0
162395383,1
162395606,0
162395646,0
162486540,1
162486625,0
162543362,0
162543498,1
162611494,0
162683376,1
162683608,0
162744523,0
162744548,1
162838470,1
162838473,0
162838475,1
162838477,1
162838478,1
162838479,0
162838480,1
162838482,1
162838483,0
162838488,0
162838489,1
162838493,1
162838496,1
162838497,1
162838501,1
162838517,1
162838518,0
162838520,1
162838523,1
162838524,1
162838526,0
162838528,0
162838529,0
162838541,1
162838543,1
162838544,1
162838546,0
162838549,1
162838550,0
162838552,1
162838553,1
162838554,0
162838555,0
162838558,0
162838559,0
162838562,0
162893784,1
162893854,0
162951623,1
162951866,0
162951867,0
163084385,1
163084402,1
163084606,1
163084669,1
163181457,1
163181473,0
163181593,0
163181610,1
163263484,0
163263510,0
163355757,1
163431435,0
163431599,1
163482487,1
163583497,0
163643422,1
163704396,1
163704532,1
163704533,1
163770365,1
163770486,1
163770559,1
163770680,0
163832582,0
163832703,1
163923431,0
163923432,0
163923433,0
163923434,1
163923457,1
163923480,1
163923525,0
163923529,0
163923531,1
163923547,1
163923568,0
163923582,1
163923663,1
163923686,0
163923702,0
163923703,1
163923704,1
163923705,0
163923711,0
163923712,1
163923714,1
163923717,0
163923721,1
163923735,0
163923738,1
163923758,1
163923761,0
163923764,1
163923770,0
163923781,1
163923784,0
163923789,0
163923801,1
163923810,0
163923812,1
163923820,0
163923821,1
163923822,1
163923829,1
163923833,1
163923835,1
163923836,1
163923839,1
163923841,0
163923848,0
163923849,1
163923851,0
163923852,0
163923853,1
163923861,1
163923862,0
163923865,1
163923876,1
163923884,0
163923896,1
163923897,1
163923903,0
163923904,0
163923911,1
163923940,1
163923959,1
163923961,0
163923963,1
163923965,0
163923966,1
163923967,1
163923968,1
163923969,1
163923993,1
163924022,1
163924023,1
163924025,0
163924029,1
163924035,1
163924042,0
163924047,1
163924051,0
163924052,0
163924055,1
163924056,1
163924057,1
163924059,0
163924061,0
163924062,1
163924063,0
163924064,0
163924066,1
163924069,0
163924077,0
163924080,0
163924085,0
163924087,0
163924088,1
163924090,1
163924092,0
163924093,1
163924095,1
163924098,0
163924100,0
163924102,1
163924103,1
163924105,1
163924124,1
163924125,1
163924126,0
163924127,1
163924128,1
163924129,1
163924131,1
163924137,0
163924140,1
163924143,0
163924147,0
163924148,0
163924149,1
163924150,1
163924152,0
163924153,1
163924157,1
163924169,0
163924172,0
163924179,1
163924181,1
163924183,1
163924186,1
163924189,1
163924193,1
163924194,0
163924201,0
163924210,1
163924212,1
163924226,1
163924246,0
163924252,1
163924273,0
163924296,0
164019411,1
164019413,0
164019442,1
164019480,1
164072477,0
164137574,1
164137577,0
164137590,1
164137594,1
164137597,1
164137612,1
164230590,1
164230593,0
164230595,1
164230598,1
164230604,0
164287362,0
164287573,1
164436445,0
164518592,1
164580460,0
164701559,1
164828573,0
164951604,1
165035473,1
165035486,1
165035499,1
165035631,0
165106469,1
165106663,0
165162536,0
165162691,1
165250487,0
165250626,0
165287601,1
165442457,0
165442753,0
165502420,1
165564419,0
165564426,1
165713504,0
165883565,1
165883768,0
165883891,1
165938593,0
165938635,0
165938791,0
166042330,1
166042444,1
166042449,1
166042450,1
166042451,1
166042463,1
166042491,1
166096513,0
166096685,1
166096702,1
166166570,1
166166622,1
166225481,1
166225528,0
166225624,1
166285699,0
166341330,0
166379881,1
166436760,1
166599577,0
166599583,0
166599584,0
166599586,0
166599651,1
166687612,1
166687879,0
166743625,0
166743754,1
166743815,1
166802570,1
166802749,0
166802853,1
166860342,1
166860626,1
166860758,0
166915869,0
166915885,1
167000455,1
167000658,1
167108333,1
167108397,1
167108492,0
167108498,1
167108502,0
167108508,0
167108593,0
167108603,0
167108608,0
167117630,1
167182634,1
167182783,0
167237665,1
167237807,0
167237890,1
167323410,1
167323537,0
167323547,1
167323631,0
167381477,1
167381594,0
167381693,0
167381716,1
167546684,0
167641605,0
167696539,0
167696619,1
167749539,0
167749552,1
167749562,0
167749563,0
167749565,0
167749567,0
167749569,0
167749574,1
167749653,0
167850391,1
167850685,0
167931486,1
167931500,1
167931673,0
167982330,1
167982332,0
168063604,0
168141536,0
168141605,1
168173509,1
168173746,0
168173860,0
168304535,1
168359399,1
168359475,0
168359567,1
168415444,1
168415579,0
168464132,1
168605509,0
168605588,0
168605622,0
168643552,1
168734437,0
168734537,0
168832402,1
168934339,0
168934451,1
169022383,1
169022567,1
169022592,0
169022601,0
169100424,1
169100538,0
169100654,0
169100657,1
169244414,0
169244507,0
169244511,1
169309358,1
169309560,0
169309562,1
169309565,0
169427481,1
169427621,1
169427650,1
169474329,1
169474365,0
169474621,0
169474793,0
169521527,1
169564355,0
169564431,1
169564516,1
169564542,1
169564543,1
169564598,1
169564623,1
169564651,1
169630413,0
169630586,0
169630648,0
169631030,1
169631046,1
169631140,0
169673341,1
169673479,0
169673520,0
169673536,0
169673548,0
169673553,1
169673681,0
169673696,1
169714363,0
169714372,0
169714440,1
169714502,0
169714630,1
169714885,0
169764431,0
169764534,0
169764548,0
169764556,1
169804974,1
169924360,0
169924517,1
169946424,0
169946427,1
169946442,0
169946465,1
169946467,1
169946468,0
169946469,1
169946597,0
169999452,1
169999714,1
170051410,1
170051411,1
170051412,1
170051506,1
170051510,1
170051511,1
170051513,1
170051514,0
170051515,1
170051516,0
170051517,1
170051518,1
170051519,1
170051520,0
170051521,0
170051522,1
170051523,1
170051524,1
170051525,1
170051526,0
170051527,1
170051528,0
170051529,0
170051531,1
170051533,1
170051534,1
170051536,1
170051537,1
170051538,0
170051539,1
170051540,1
170051542,1
170051543,1
170051555,0
170051619,0
170051638,0
170051643,1
170165411,1
170165415,0
170211385,0
170211395,0
170211397,0
170211427,0
170211566,1
170280345,1
170280585,1
170280594,1
170280639,1
170362466,0
170398340,0
170512530,1
170556396,1
170556410,0
170556614,0
170556658,1
170608409,1
170608467,1
170608484,1
170608487,0
170646554,0
170646585,0
170646623,0
170714472,0
170714513,1
170714533,1
170714536,1
170714537,0
170841584,1
170841719,1
170848597,1
170848598,1
171026360,0
171088677,0
171147346,0
171188354,0
171188682,0
171188711,0
171258606,1
171258635,1
171258909,1
171315461,0
171315508,1
171315630,0
171352545,1
171501540,0
171501565,0
171542426,0
171542429,1
171542592,0
171652417,1
171652441,1
171652705,0
171652730,1
171699599,0
171699605,1
171699704,0
171699708,1
171745591,1
171746103,1
171788477,0
171850595,0
171850629,1
171850654,1
171850667,0
171850724,1
171850884,1
171890555,1
171890676,1
171950448,1
171950493,1
171950553,1
171950595,1
171950648,0
171991390,0
171991501,0
171991589,1
171991614,0
172054747,0
172097336,0
172097507,1
172137439,1
172137562,1
172229802,0
172325436,1
172325438,0
172325469,1
172325733,1
172396434,1
172396661,1
172396687,0
172445417,1
172493493,1
172493658,0
172493661,1
172562602,1
172609461,1
172609496,1
172609505,1
172609610,0
172673543,1
172673656,0
172673735,1
172673763,1
172732424,0
172732625,0
172732745,1
172784518,1
172784520,1
172861488,0
172861585,0
172861610,1
172861689,0
172861704,1
172909454,0
172909580,1
172909619,1
172909651,0
172909689,1
172909706,1
172954361,0
172954421,1
172954541,1
172954597,0
173001882,1
173068423,1
173068661,1
173112339,1
173112871,1
173337339,1
173337528,1
173337568,0
173381365,1
173439663,1
173487433,0
173594487,0
173634339,0
173634544,1
173634583,1
173676552,1
173676622,0
173766554,0
173832753,0
173921415,0
173921560,1
173921566,1
173921586,1
173921717,1
173970581,1
173970612,0
174007549,0
174007732,1
174077356,1
174077357,1
174077360,1
174077362,1
174077390,0
174077395,1
174077396,1
174077400,1
174077405,0
174077406,0
174077415,0
174077419,0
174077420,1
174077425,0
174077428,0
174077430,1
174077469,0
174121510,1
174121670,0
174161486,0
174161648,1
174214575,1
174258465,1
174352500,0
174401534,1
174401577,1
174478375,1
174559330,1
174559389,1
174559551,1
174674515,1
174674622,1
174882422,0
174882516,1
174972445,1
174972447,0
175019376,1
175058575,1
175128525,1
175215467,1
