UYEISYERI_ID_MASK,mcc,district_id
27447336,5541,34
27447758,5541,81
27447767,5411,50
27447983,5541,2
27448075,5691,84
27448097,5499,2
27448414,5411,42
27449916,5661,84
27451100,5621,33
27451432,5992,38
27452884,5541,65
27455245,5411,121
27455791,5722,121
27455909,5541,98
27456801,5661,120
27457515,5411,63
27460503,5411,60
27460661,5411,160
27460989,5541,115
27462199,5812,60
27462956,5941,12
27463768,5411,100
27466285,5977,81
27467625,5499,2
27470944,5661,12
27470945,5661,120
27471367,5732,4
27471368,5732,4
27471370,5732,12
27471371,8062,115
27472085,5691,115
27472247,5541,115
27472871,5541,88
27474240,5541,34
27474388,5200,34
27474390,5200,82
27480835,5691,65
27481516,5541,2
27482156,5732,42
27482158,5732,50
27482276,5691,61
27482520,4722,17
27482643,5541,65
27485896,5541,50
27486963,5541,131
27488798,5541,87
27489179,5541,31
27490977,5541,60
27492378,5941,50
27492384,5941,4
27492396,5941,12
27492401,5941,81
27493291,5411,50
27493957,5411,50
27495842,5732,50
27495910,5541,38
27497097,5941,50
27497280,5691,50
27499143,5541,60
27500565,5712,50
27501177,5691,50
27501709,5411,61
27501711,5411,115
27501718,5411,70
27501720,5411,50
27501728,5411,50
27501732,5411,60
27501735,5411,121
27501739,5411,96
27501740,5411,15
27501749,5411,50
27501751,5411,160
27501752,5411,4
27501865,5541,9
27501905,5411,115
27501912,5411,4
27501917,5411,34
27501918,5411,34
27501925,5411,96
27501928,5411,9
27501934,5411,160
27501937,5411,50
27501938,5411,50
27501939,5411,50
27501940,5411,50
27501943,5411,160
27501947,5411,33
27501948,5411,115
27501952,5411,50
27501959,5411,9
27501964,5411,50
27501968,5411,61
27501974,5411,61
27501984,5411,59
27501991,5411,63
27501993,5411,81
27501994,5411,50
27501995,5411,61
27501999,5411,81
27502000,5411,50
27502003,5411,61
27502221,5411,50
27503901,5661,50
27505314,5941,65
27505371,5945,50
27505903,5541,61
27508046,5200,70
27509437,5691,50
27510633,5411,160
27510634,5411,50
27510887,5499,84
27511223,5411,141
27511224,5411,33
27511550,5499,63
27512859,5814,50
27512865,5814,2
27513543,5691,63
27516468,5499,4
27518549,5732,50
27518791,5541,96
27519085,5691,61
27520047,5411,33
27520559,5814,50
27520562,5814,50
27520570,5814,34
27521599,5411,50
27521640,5814,160
27522292,5411,84
27524605,5722,123
27524945,5732,115
27525464,5941,96
27525710,5814,50
27525711,5814,115
27525930,5411,70
27525932,5732,70
27526550,5541,15
27526837,5732,70
27526859,5411,33
27527830,5411,2
27528559,5691,115
27528594,5941,70
27531011,5691,115
27531696,5661,115
27533108,5942,50
27533111,5942,34
27533113,5942,115
27533114,5942,12
27533119,5942,60
27533124,5942,115
27533822,5411,2
27534961,5541,61
27535134,7538,42
27535651,5541,123
27537295,5691,123
27537297,5691,34
27537300,5691,17
27537302,5691,84
27537303,5691,2
27537305,5691,50
27537307,5691,115
27537308,5691,65
27537310,5691,81
27537311,5691,63
27538326,8011,100
27538546,5941,17
27539331,5621,50
27539453,5661,70
27539461,5941,88
27539494,5941,33
27543690,5691,121
27544529,5541,77
27545982,5977,50
27550105,5732,59
27550108,5732,4
27551572,5541,100
27551757,5541,61
27552034,5541,53
27552479,5541,33
27552480,5541,115
27552481,5541,17
27554085,5411,31
27555167,5691,100
27555937,5541,12
27555998,5499,63
27557769,5941,12
27557965,5977,160
27558265,5541,63
27558393,5541,121
27559355,5411,4
27560993,5691,34
27561024,5691,17
27561061,5941,88
27562066,5732,115
27562421,5411,9
27562422,5411,61
27563069,5950,115
27564848,5411,50
27565953,5941,12
27566122,5541,17
27571607,5411,115
27572003,5941,12
27572009,5541,77
27572462,5732,33
27574273,5732,160
27574725,5411,121
27578077,5411,59
27578079,5411,17
27580331,5411,2
27582953,5941,88
27583048,5045,63
27584170,5411,33
27584171,5411,115
27586172,5732,31
27587792,5691,61
27589796,5411,50
27590514,5942,61
27592471,5732,50
27592472,5732,96
27595405,5411,50
27595567,5541,61
27595931,5541,98
27596618,5411,120
27598973,5200,96
27599964,5411,33
27601753,4814,115
27603518,5732,59
27603520,5732,160
27605356,5969,50
27610626,5411,50
27613011,5541,63
27613012,5541,141
27615047,5541,121
27615793,5691,60
27615794,5691,61
27615796,5691,4
27615800,5691,33
27615802,5691,50
27615804,5691,50
27615931,5691,50
27619013,5541,12
27619690,5541,65
27620345,5691,63
27622457,5541,81
27622805,4814,77
27623697,5499,4
27623850,5411,4
27623883,5411,50
27624506,5499,160
27625611,5691,84
27628262,5977,121
27629364,5942,50
27629747,5411,160
27629749,5732,160
27630211,5941,60
27630455,5732,50
27632179,5541,87
27633494,5641,50
27634044,5499,65
27634538,5691,160
27634834,5661,160
27634880,5691,160
27635220,5541,4
27636281,5691,160
27636312,5941,160
27636990,5691,160
27637822,5541,63
27637842,5814,115
27638066,5541,84
27638392,5661,160
27639519,5411,123
27641628,5977,61
27641631,5977,12
27645337,5732,84
27646263,5691,160
27646721,5691,115
27647243,5541,60
27647936,5411,50
27649743,5541,60
27650325,5942,123
27650350,5541,96
27650616,5411,81
27650617,5411,115
27652194,5411,96
27652365,5732,81
27653324,5691,96
27653808,5411,100
27655856,5541,60
27657169,5691,115
27657307,5541,77
27657490,5945,61
27657553,4722,1
27658550,5411,63
27658696,5691,4
27660892,5045,38
27661384,5411,123
27661853,5541,34
27662322,5045,82
27662758,7399,9
27663158,5661,63
27664910,5812,115
27665015,5691,123
27666410,4511,34
27667829,5541,115
27669589,5499,9
27671279,5411,34
27671912,5541,60
27674316,5941,50
27674977,5411,160
27676228,5541,121
27676719,5814,4
27677152,5691,84
27678980,5499,4
27679204,5977,34
27679313,5541,77
27680755,5941,81
27681732,5712,115
27681956,5691,81
27682666,5200,115
27683014,5945,115
27683761,5411,4
27683865,5661,115
27684270,5941,115
27684889,4722,160
27685150,5541,96
27685381,5941,115
27685467,5411,9
27685470,5411,4
27685480,5411,17
27685492,5411,34
27685503,5411,123
27685508,5411,160
27685514,5411,115
27685516,5411,115
27685522,5411,59
27685528,5411,115
27685537,5411,12
27685695,5691,115
27685697,5691,115
27685882,5941,115
27686076,5661,115
27686258,5661,115
27686304,5691,115
27686311,5942,115
27686600,5661,115
27686909,5814,115
27687662,5661,115
27687775,5950,115
27688138,5977,115
27688726,5691,65
27690038,5691,115
27690437,5814,12
27690673,5942,77
27692198,5411,81
27692436,5732,60
27692440,5691,115
27692441,5691,160
27692479,5912,115
27692671,4812,17
27692672,4814,17
27694531,5541,121
27694686,5945,60
27695042,5411,87
27696939,5732,63
27697174,4511,65
27702198,5541,33
27703262,5941,50
27703331,5200,4
27703338,5541,61
27703348,5411,4
27703381,5541,50
27703492,5411,63
27703539,5200,42
27703557,5411,115
27703599,5411,59
27705284,5661,96
27707020,5691,50
27707124,5541,82
27707158,5661,123
27709355,5992,123
27711953,5691,61
27713103,5499,84
27713879,5541,17
27714799,5691,115
27714800,5691,50
27723228,5541,82
27723424,5541,9
27723632,8062,50
27723789,5541,50
27724640,5691,100
27724642,5691,63
27725089,8062,50
27726136,5541,34
27726204,5941,50
27726471,5691,160
27727299,5541,34
27727923,5541,96
27727976,5691,50
27727980,5691,61
27728035,5541,87
27729240,7538,4
27729446,5944,123
27729881,5691,50
27730675,5942,4
27731574,5541,82
27731684,5541,60
27731829,5541,12
27732213,5912,33
27732282,5732,61
27732292,5732,115
27732519,5541,60
27732524,5541,60
27732530,5541,60
27732531,5541,42
27732598,5499,60
27732717,5541,60
27732857,7538,81
27733667,5691,50
27733727,5691,115
27733915,5541,15
27733977,5541,31
27733994,5541,31
27734027,5541,31
27734550,5541,160
27738680,5411,50
27738688,5411,50
27738698,5411,87
27738717,5411,160
27738898,5691,34
27738901,5912,61
27738916,5691,50
27738917,5691,115
27738920,5691,50
27738921,5691,115
27738930,5691,33
27738942,5691,34
27738945,5691,4
27738976,5691,115
27738983,5691,61
27739060,5411,123
27742527,5541,121
27743387,5541,84
27743411,5541,70
27745064,5541,50
27746016,5541,121
27746095,5541,61
27748784,5541,123
27748811,7538,123
27749417,5541,123
27749470,5541,123
27752596,5541,81
27753537,5541,12
27753538,5541,34
27755194,5541,84
27755217,5541,2
27755229,5541,2
27755562,5541,88
27755636,5541,42
27755675,5691,120
27756920,5541,77
27757454,5541,79
27757547,5411,79
27757746,5541,70
27760701,5541,70
27760718,5541,100
27764253,5541,4
27764308,5541,65
27768240,5541,141
27768559,5541,50
27768560,5541,50
27768878,5541,77
27768901,5541,77
27768991,5541,77
27769221,5541,98
27769299,5541,98
27769411,5541,38
27769457,5541,77
27769691,5541,1
27769793,5942,59
27771445,5732,4
27813498,5411,50
27816476,5977,70
27816570,5541,77
27839509,5691,160
37789758,8062,12
37966781,5691,115
37966787,5691,50
37966788,5691,81
37966797,5691,123
37966798,5691,17
37966814,5691,123
38961414,5691,115
38961653,5611,123
40431479,5941,4
41688508,4722,1
41814476,5541,100
41947547,5732,61
47303498,5691,115
47866514,5411,61
47886329,5712,63
47913342,9399,84
47991559,5691,34
48044564,5977,34
48122512,5691,115
48177564,5411,121
48177574,5732,61
48208491,5499,121
48232334,5411,50
48232380,5411,121
48232381,5411,121
48232382,5411,2
48232383,5411,88
48232386,5541,2
48269416,5950,123
48345545,5541,88
48365337,5045,50
48365613,5541,31
48461566,5411,96
48503555,5411,123
48543463,5977,60
48584548,5691,50
48747329,5411,81
56320432,5411,50
56366361,5812,17
56443400,5691,50
56578354,5541,4
56664507,5541,84
56734461,5499,160
56734495,5942,115
56879533,8999,123
56907379,4722,115
56978453,5541,82
56978545,5541,96
56978564,5541,84
56978693,5541,123
56978887,5541,77
56978960,5541,4
56979003,5541,77
56979008,5541,15
56979038,5541,59
56979046,5541,81
56979048,5541,81
56979051,5541,84
56979120,5541,17
56979121,5541,61
56979130,5541,82
57018378,5411,98
57172464,5941,63
57636485,5661,63
57730330,5541,77
57730374,4722,115
58063518,5200,81
58113372,5541,77
58345587,5045,115
58485367,5411,63
58638344,5691,31
58706340,5732,12
58760365,5691,50
58932437,5541,100
58932515,5691,88
58955483,5541,42
59054524,5541,141
59094468,5541,81
59203400,5200,34
59203420,5411,60
59240338,5814,82
59240548,5541,63
59321456,5691,70
59482505,5812,84
59482506,5812,84
59635469,5661,160
59793564,5941,17
59827528,5691,33
59902372,5977,50
59932435,5411,4
59932447,5541,60
60060384,4511,34
60126409,5045,115
60157532,5691,77
60187571,5045,115
60327474,5621,12
60399356,5411,61
60492496,5691,17
60492497,5691,50
60492499,5691,100
60492501,5691,34
60492502,5722,63
60492523,5691,61
60492524,5691,61
60550465,5912,60
60601524,5732,115
60680349,5045,115
60718398,5691,33
60718408,5691,50
60915343,5541,42
60943539,5941,96
61094344,5411,160
61193557,5411,121
61193558,5411,121
61226523,5541,63
61413458,4722,50
61451342,5411,4
61451344,5411,4
61451378,5411,60
61451390,5411,77
61489465,5411,65
61537439,5960,9
61818421,5045,115
61818555,5411,33
62022445,5691,50
62022458,5941,33
62225530,5499,59
62255471,5691,81
62255483,5541,61
62289337,5541,63
62384415,5541,115
62442415,5541,38
62474608,5411,82
62474609,5411,59
62474610,5411,84
62474611,5411,115
62474612,5411,70
62474617,5411,84
62474618,5411,123
62474619,5411,59
62474621,5411,59
62474622,5411,123
62474623,5411,123
62474625,5411,59
62474626,5411,100
62474627,5411,115
62474629,5411,123
62474630,5411,59
62474631,5411,33
62474632,5411,115
62474634,5411,84
62474635,5411,100
62474636,5411,115
62474638,5411,100
62474640,5411,123
62474641,5411,115
62474642,5411,123
62474646,5411,100
62474648,5411,115
62474649,5411,17
62474650,5411,70
62474651,5411,33
62474652,5411,70
62474653,5411,100
62474654,5411,123
62474824,5411,84
62474825,5411,84
62474826,5411,86
62474829,5411,82
62474830,5411,33
62474831,5411,84
62474832,5411,84
62474833,5411,84
62474834,5411,123
62474835,5411,17
62474836,5411,115
62474837,5411,123
62474838,5411,115
62474840,5411,123
62474841,5411,123
62474842,5411,59
62474843,5411,59
62474844,5411,115
62474845,5411,59
62474846,5411,84
62474847,5411,33
62474848,5411,33
62474849,5411,115
62474851,5411,115
62474854,5411,115
62474857,5411,115
62474858,5411,100
62474859,5411,115
62474871,5411,100
62474874,5411,59
62474876,5411,86
62474877,5411,70
62474878,5411,100
62474881,5411,82
62474882,5411,115
62474884,5411,82
62474885,5411,100
62474886,5411,123
62474887,5411,1
62474888,5411,70
62474889,5411,59
62474890,5411,100
62474891,5411,59
62474894,5411,100
62474895,5411,70
62474896,5411,70
62474897,5411,115
62474899,5411,115
62474900,5411,100
62474902,5411,100
62474903,5411,59
62474906,5411,17
62474907,5411,84
62474909,5411,82
62474911,5411,100
62475007,5411,88
62475008,5411,12
62475010,5411,81
62475011,5411,34
62475012,5411,84
62475013,5411,34
62475014,5411,88
62475015,5411,121
62475016,5411,88
62475017,5411,12
62475018,5411,77
62475019,5411,77
62475022,5411,121
62475023,5411,88
62475024,5411,120
62475025,5411,81
62475027,5411,2
62475028,5411,79
62475029,5411,88
62475030,5411,81
62475032,5411,2
62475033,5411,77
62475034,5411,2
62475036,5411,121
62475038,5411,60
62475041,5411,121
62475042,5411,34
62475045,5411,60
62475046,5411,2
62475048,5411,12
62475049,5411,120
62475050,5411,77
62475051,5411,88
62475053,5411,79
62475055,5411,77
62475056,5411,88
62475057,5411,2
62475058,5411,79
62475060,5411,81
62475061,5411,121
62475062,5411,121
62475063,5411,81
62475064,5411,79
62475065,5411,88
62475067,5411,121
62475068,5411,81
62475069,5411,121
62475070,5411,77
62475071,5411,77
62475072,5411,2
62475073,5411,81
62475074,5411,77
62475075,5411,81
62475077,5411,81
62475078,5411,2
62475079,5411,81
62475080,5411,121
62475081,5411,120
62475084,5411,88
62475085,5411,84
62475087,5411,77
62475088,5411,77
62475089,5411,79
62475091,5411,121
62475092,5411,84
62475093,5411,34
62475095,5411,12
62475096,5411,1
62475097,5411,34
62475098,5411,2
62475099,5411,53
62475102,5411,84
62475103,5411,34
62475107,5411,60
62475108,5411,81
62475111,5411,2
62475114,5411,81
62475115,5411,42
62475118,5411,42
62475119,5411,121
62475121,5411,79
62475123,5411,2
62475124,5411,60
62475126,5411,88
62475127,5411,12
62475128,5411,77
62475129,5411,12
62475131,5411,79
62475132,5411,12
62475133,5411,79
62475134,5411,120
62475135,5411,79
62475136,5411,42
62475137,5411,42
62475138,5411,121
62475144,5411,121
62475146,5411,60
62475148,5411,121
62475251,5411,160
62475252,5411,63
62475253,5411,96
62475254,5411,96
62475256,5411,50
62475259,5411,4
62475260,5411,160
62475264,5411,160
62475265,5411,50
62475266,5411,4
62475267,5411,160
62475269,5411,98
62475270,5411,96
62475274,5411,50
62475276,5411,50
62475277,5411,50
62475278,5411,4
62475279,5411,96
62475280,5411,96
62475285,5411,141
62475289,5411,61
62475290,5411,160
62475292,5411,65
62475293,5411,141
62475295,5411,38
62475299,5411,9
62475302,5411,87
62475303,5411,38
62475304,5411,61
62475305,5411,9
62475308,5411,160
62475309,5411,65
62475313,5411,9
62475314,5411,96
62475315,5411,160
62475318,5411,50
62475319,5411,9
62475322,5411,4
62475323,5411,50
62475325,5411,61
62475326,5411,96
62475327,5411,63
62475328,5411,160
62475330,5411,65
62475331,5411,160
62475333,5411,50
62475334,5411,9
62475337,5411,63
62475338,5411,160
62475340,5411,50
62475341,5411,50
62475343,5411,65
62475344,5411,61
62475345,5411,160
62475346,5411,160
62475349,5411,96
62475350,5411,96
62475353,5411,160
62475354,5411,61
62475356,5411,61
62475357,5411,61
62475358,5411,61
62475359,5411,63
62475360,5411,61
62475363,5411,61
62475365,5411,50
62475367,5411,4
62475368,5411,9
62475369,5411,50
62475370,5411,61
62475372,5411,50
62475373,5411,160
62475374,5411,50
62475376,5411,63
62475378,5411,9
62475380,5411,61
62475382,5411,50
62475383,5411,63
62475384,5411,61
62475385,5411,61
62475386,5411,4
62475388,5411,65
62475389,5411,63
62475390,5411,63
62475391,5411,131
62475392,5411,96
62475393,5411,141
62475394,5411,50
62475395,5411,9
62475396,5411,9
62475397,5411,9
62475398,5411,65
62475399,5411,61
62475400,5411,9
62475402,5411,4
62475408,5411,9
62475411,5411,61
62475412,5411,160
62475413,5411,63
62475415,5411,96
62475416,5411,63
62475417,5411,4
62475418,5411,96
62475420,5411,160
62475421,5411,98
62475422,5411,98
62475423,5411,65
62475424,5411,4
62475426,5411,63
62475427,5411,4
62475428,5411,63
62475429,5411,141
62475431,5411,160
62475432,5411,87
62475437,5411,63
62475439,5411,9
62475441,5411,63
62475443,5411,61
62475446,5411,160
62475447,5411,50
62475451,5411,160
62475454,5411,38
62475456,5411,50
62475459,5411,63
62475460,5411,63
62475461,5411,63
62475463,5411,160
62475581,5411,65
62475582,5411,160
62475585,5411,4
62475593,5411,15
62475599,5411,60
62475601,5411,60
62475602,5411,31
62475605,5411,31
62475608,5411,31
62475610,5411,60
62475619,5411,60
62475635,5411,31
62475774,5411,31
62475831,5411,65
62475852,5691,12
62638458,5541,77
62744508,7399,115
62744518,5411,96
62744542,5411,42
62744543,5411,100
62744545,5411,17
62744547,5411,31
63022366,5541,65
63022531,5541,31
63136463,5541,77
63243418,5691,63
63285444,5411,82
63594503,5691,98
63629583,5691,61
63629584,5411,34
63660530,5541,70
63701476,5045,50
63728460,7011,34
63728461,7011,34
63728465,5541,77
63728469,5621,123
63728490,5691,50
63728491,5691,50
63728492,5691,115
63966555,5411,50
64041393,5411,60
64041395,5411,59
64106531,5541,34
64135412,5411,65
64218431,5511,34
64263538,5691,100
64263543,5411,96
64263639,4722,50
64298531,5691,50
64330523,5691,61
64364415,5411,123
64449566,5691,160
64483668,5541,84
64619481,5411,96
64688528,5641,61
64754355,5691,88
64786436,5411,2
64958426,5691,2
64958605,5541,82
65048560,5541,82
65207360,5411,63
65287361,5541,77
65287431,5691,12
65326351,5691,2
65358513,5541,61
65402850,5411,50
65504591,5661,2
65533546,5541,1
65533571,5541,96
65723393,5661,31
65775397,5541,59
65879353,5661,63
65879621,5999,115
66190519,5541,38
66312363,5411,63
66359423,5411,70
66430606,5541,100
66473572,5411,59
66704358,5941,4
66733398,8062,61
66749427,5691,86
66919480,5541,86
67040425,5691,81
67069517,5960,63
67097501,5411,81
67138433,5411,160
67170395,5541,100
67170401,5541,63
67326352,5541,87
67326531,5411,65
67454416,5732,63
67486511,5411,50
67545494,5411,63
67613400,5411,63
67768334,5541,70
67768354,5691,63
67768357,4814,115
67795351,8062,34
67795352,8062,50
67795573,5691,59
67821501,5411,63
67883465,5691,59
67883489,5942,63
67883490,5942,59
67923375,5732,96
67923411,5411,96
67923417,5411,2
67950360,5411,82
67950419,5941,63
67978463,5941,63
68012455,5541,96
68012514,5691,34
68012519,5541,42
68042500,5691,59
68085382,5411,98
68206390,4814,17
68282506,5732,115
68312366,5411,88
68312453,5812,33
68357348,5411,123
68357389,5541,87
68401362,5945,115
68434329,5941,63
68434392,5950,59
68530363,5977,59
68574334,5732,63
68616484,5411,63
68655329,5691,59
68655332,5691,59
68655457,5945,63
68686346,8062,160
68686347,8062,63
68686514,5941,59
68722408,5732,59
68759469,5941,59
68759470,5814,59
68759471,5814,59
68759483,5945,59
68794463,5691,59
68794475,5691,59
68838473,5941,59
68838532,5691,59
68878424,5712,70
68878436,5691,50
68878451,5691,59
68913373,5812,59
68913468,5661,59
68913522,5691,59
68992531,5691,59
68992537,5691,96
69027465,5411,121
69067373,5661,59
69067433,5411,77
69067434,5411,77
69067514,5691,59
69145331,5691,34
69185556,5912,59
69248342,5960,63
69248457,5950,42
69312473,5691,42
69392425,5541,61
69392544,5814,86
69425536,5691,63
69478338,5411,38
69478342,5411,70
69478343,5411,123
69478344,5411,84
69478345,5411,123
69486374,5691,34
69486395,5691,63
69667401,5732,42
69667402,5732,42
69705495,5960,61
69818453,5691,34
69846423,5960,17
69846426,5960,17
69886521,5691,59
69920360,5691,59
69920471,5411,81
70077447,5661,34
70178404,5411,88
70206492,5945,34
70278463,5691,50
70278467,5691,34
70278495,5977,34
70278498,5691,121
70278537,5941,34
70278544,5045,115
70278547,5045,123
70321475,8062,33
70349422,5541,63
70377477,5411,96
70484377,5960,63
70691476,5411,121
70691477,5411,100
70691478,5411,84
70691480,5411,121
70924381,8062,17
71033474,5691,100
71814466,5691,12
71814485,5200,63
71852428,5411,12
71852495,5541,42
71930432,5411,121
71930433,5411,88
71930434,5411,121
71930436,5411,88
71930485,5691,160
72030404,8931,115
72075514,5411,63
72229414,5411,120
72308451,5411,123
72349465,5541,77
72349466,5541,61
72418346,5411,9
72504479,5411,60
72572480,5691,2
72611395,5200,61
72706383,5411,65
72706386,5411,123
72792425,5942,34
72847370,5541,38
72916434,5411,82
72916501,5411,9
72916531,5541,53
72916534,5411,12
72960377,5942,115
73001645,5411,160
73051366,5411,87
73083441,5541,60
73159361,5541,65
73159422,7538,88
73159426,5541,160
73159479,5541,17
73210489,5691,4
73210506,5541,160
73210584,5541,1
73210591,5541,98
73210592,5541,38
73269356,5541,33
73269359,5541,12
73269373,5691,61
73269453,5541,87
73387522,5691,160
73387550,5541,131
73419476,5541,141
73419477,5411,65
73459332,5541,4
73459477,5691,81
73459545,5960,115
73495444,5691,81
73495472,4722,34
73553367,5411,61
73553369,5691,50
73585473,4722,115
73585511,5411,100
73618498,5411,121
73618499,5732,121
73618529,5541,96
73618563,5541,100
73700438,5691,115
73700447,5045,81
73700457,5541,96
73758352,5541,50
73758380,5411,121
73758381,5411,121
73758382,5411,88
73758406,5411,53
73824435,5411,100
73901400,5045,82
73901405,5977,123
73901418,5411,63
73901419,5411,38
73933452,5411,61
73959440,5541,100
73996402,5411,60
74032513,5661,77
74098533,5541,82
74132356,5541,12
74132414,5541,65
74132436,5411,2
74132507,5541,123
74132509,5541,2
74174330,5541,59
74201418,5541,96
74234335,5541,9
74267489,5541,100
74267517,5411,65
74267531,5541,96
74353469,5541,86
74353489,5691,121
74353533,4812,17
74390348,5411,123
74417400,5411,59
74498345,5541,63
74498549,5411,9
74498550,5411,61
74589463,5411,65
74646404,5411,96
74646465,5411,121
74718382,5411,50
74718529,5411,38
74761439,5541,70
74921385,5541,79
74957429,5411,81
75073401,5499,96
75073464,5691,63
75073552,5691,50
75073555,5541,50
75073557,5541,50
75073560,5541,50
75106410,5661,121
75170407,5411,50
75170409,8062,4
75170521,5691,121
75214556,5691,121
75261411,5732,121
75261475,5661,121
75298426,5541,59
75298456,5691,121
75298470,5411,12
75402355,5045,9
75402375,5941,121
75477364,5941,121
75561498,5960,9
75561800,5045,63
75626428,8062,120
75663400,5691,115
75747330,5411,123
75787542,5411,79
75821547,5541,65
75854553,5691,50
75854554,5691,50
75854556,5691,63
75854565,5691,115
75854566,5691,115
75854568,5691,34
75854570,5691,17
75854572,5691,115
75854573,5691,84
75854576,5691,12
75854581,5691,65
75854585,5691,34
75854586,5691,61
75854589,5691,50
75854590,5691,4
75854591,5691,115
75946611,5045,115
76027489,7399,34
76027504,5942,60
76027579,5411,59
76027627,5411,12
76027629,5411,12
76068454,5411,50
76068495,5960,115
76127530,5411,9
76204543,5960,33
76284429,5814,121
76369355,5411,82
76404372,5732,115
76438337,5411,121
76610645,5411,42
76610648,5411,121
76654492,5691,121
76654534,5411,98
76654535,5411,98
76763495,5691,34
76763496,5691,34
76801501,5499,121
76836477,5411,60
76836482,5411,60
76836496,5691,34
76836503,5411,121
76836514,5411,88
76936415,5691,34
76936434,5411,70
76936435,5411,100
76972554,5691,84
77005590,5541,63
77170517,5541,82
77205568,5541,15
77247443,5541,50
77247444,5541,60
77247473,5541,121
77247477,5541,61
77247479,5541,17
77247508,5541,61
77247571,5411,123
77280475,5541,160
77357541,5541,15
77392458,5541,81
77392524,5541,60
77431458,5812,50
77431467,5411,50
77431469,5411,2
77431474,5411,81
77431475,5411,2
77431478,5411,81
77431493,5814,50
77431507,5814,61
77431510,5814,4
77431514,5812,33
77431520,5812,115
77431521,5814,115
77431525,5812,115
77431532,5812,34
77431533,5812,34
77431534,5812,82
77431535,5812,33
77431538,5812,123
77431546,5812,115
77431552,5814,17
77431556,5812,50
77431559,5812,50
77431563,5814,50
77431578,5814,160
77431580,5814,50
77431582,5812,59
77431596,5814,53
77431604,5812,63
77467536,5977,121
77467577,5912,4
77567417,5411,115
77567485,5411,50
77567492,5541,65
77602600,5960,9
77637474,5411,160
77673447,5411,60
77707512,5411,88
77707554,5541,160
77770343,5541,42
77770439,5411,121
77770472,5411,50
77770505,5541,70
77770532,5691,34
77841399,8043,84
77841493,5411,121
77879539,5411,120
77879541,5691,63
77923422,5411,4
77923438,5411,96
77974408,5541,120
78044414,5411,87
78113383,5960,17
78113475,5411,33
78145455,5411,120
78145491,5411,63
78263427,5960,115
78448333,5411,42
78484468,5732,31
78516662,5691,79
78566445,5732,84
78598498,5411,63
78629496,5411,81
78629497,5411,100
78666391,5691,84
78666425,5411,70
78698357,5411,82
78698358,5411,100
78698424,5691,65
78756382,5691,65
78756414,5691,65
79876536,5411,63
79876554,5691,84
79876562,5960,115
79922496,5661,84
79922513,5691,65
79956414,5941,65
79956415,5941,65
79987518,5691,84
79987524,5691,65
80077368,5941,65
80077488,5411,96
80116404,5691,65
80116451,5411,63
80177501,9399,123
80177510,5411,63
80231382,5691,50
80326452,5411,50
80326535,5691,65
80359492,5691,65
80359547,5661,65
80493443,5814,63
80535376,5960,160
80610433,5691,65
80610434,5691,31
80610478,5045,50
80666458,5411,61
80782393,5045,63
80944378,5661,31
81018557,5691,60
81018594,5977,4
81054384,5411,4
81110508,5691,4
81148535,5691,4
81286384,5691,4
81321445,5945,50
81321509,5812,4
81321511,5411,100
81321512,5411,100
81359482,5732,4
81359497,5200,61
81359509,5942,63
81493492,5691,4
81493493,5691,4
81572344,5814,50
81572345,5691,4
81572443,5942,4
81572474,5691,4
81572551,5411,63
81618430,5691,4
81618597,5499,38
81618598,5499,38
81618599,5941,50
81667392,5462,4
82046464,8062,59
82046467,5411,160
82092364,5411,42
82133428,5812,50
82133429,5691,50
82200438,5411,141
82237329,5411,12
82237503,5411,96
82237516,5691,100
82321366,5812,4
82409395,5411,96
82500421,5541,96
82500507,5691,81
82500509,5722,81
82500516,5691,81
82536449,5541,12
82536455,5411,88
82536456,5411,15
82536457,5411,121
82536464,5912,4
82587442,5812,33
82631371,5411,100
82631391,5732,4
82736435,5977,4
82785351,5945,115
82785412,5462,33
82889387,5411,82
82924460,5411,38
82997459,8043,160
83034526,5200,4
83094393,5691,115
83094410,4814,17
83094413,5732,79
83094414,5411,50
83162481,5411,79
83205365,5541,81
83205511,5541,63
83250430,5691,4
83250431,5999,77
83250434,5999,160
83250437,5999,84
83250438,5999,86
83250449,5200,65
83306330,5691,4
83341434,5533,123
83341482,5411,2
83341494,5977,4
83376329,5691,4
83426447,5732,4
83426448,5411,42
83426452,5691,121
83426454,5691,4
83461387,5691,60
83461538,5941,4
83566428,5411,4
83566433,5411,84
83566438,5691,4
83566440,5661,4
83566464,5691,4
83566470,5691,4
83566485,5541,31
83566486,5812,4
83566504,5691,4
83605331,5411,123
83605346,5661,160
83605495,5691,4
83605504,5941,4
83656514,5691,4
83656541,5941,4
83656592,5691,115
83758449,5999,77
83758452,5999,100
83758453,5999,59
83758456,5999,123
83758457,5999,70
83758460,5999,50
83758464,5999,160
83758474,5999,81
83758475,5999,34
83836424,5661,4
83836489,5977,50
83868418,5411,86
83868453,5411,1
83908434,5732,88
83908496,5812,4
83908558,5814,65
83939380,5661,4
84127463,5411,61
84127479,5411,4
84127480,5411,121
84203436,5411,61
84203477,5691,4
84260352,5691,50
84296501,5732,17
84331490,5691,79
84371428,5960,61
84371429,5960,61
84399355,5411,82
84469403,5411,160
84640365,5411,141
84640427,5541,38
84674488,5691,4
84772577,5411,115
84772594,5960,61
84772601,5411,123
84772604,5411,115
84812401,5411,50
84879472,5411,79
84879473,5411,82
84914426,5691,115
84914511,5411,17
85001474,5541,100
85038455,5045,4
85141511,5411,60
85179465,5812,17
85273503,5045,50
85348356,5541,77
85348440,8062,96
85425391,7538,12
85537447,5691,2
85606418,5541,81
85606422,5541,77
85606434,5541,60
85606443,5411,123
85647386,5541,38
85647509,5541,53
85647510,5541,42
85689541,5942,4
85689550,5541,115
85736479,5411,87
85736487,5541,15
85736498,5541,1
85776378,5541,82
85776442,5541,84
85893355,5541,88
85893382,5541,121
85893470,5960,17
85893485,5691,115
85929468,5541,1
85976457,5661,121
85976458,5960,115
85976558,5541,160
86023490,5541,60
86023510,5541,123
86083409,5411,121
86083410,5411,77
86083411,5411,4
86160457,5541,61
86160524,5541,4
86160529,5411,42
86160552,5411,61
86216447,5691,4
86216510,5541,123
86287338,5969,50
86392426,5541,160
86472429,5691,121
86530430,8062,34
86530492,5691,59
86530512,5960,59
86591371,5960,59
86646385,5960,61
86646386,5960,61
86681346,5411,31
86723350,5942,17
86828382,5541,77
86828501,5691,77
86907408,5541,81
86935393,5691,70
86971347,5691,115
86971606,5942,160
87013416,5942,115
87013419,5942,2
87013421,5942,63
87013457,5942,121
87055415,5411,50
87055416,5411,59
87095624,5960,9
87233450,5411,160
87233487,5999,115
87327346,5691,115
87327435,5691,33
87430381,8062,100
87430394,5411,65
87471416,5661,65
87511520,5411,141
87620454,5732,65
87620459,5977,65
87686545,5732,63
87727398,5411,82
87818421,5411,160
87887557,5691,61
87920550,5661,65
87953443,5411,160
87953491,5541,115
87953616,5691,65
88026470,5411,65
88026566,5541,4
88085582,5691,65
88085583,5691,141
88085590,5960,61
88207538,5691,63
88261475,5999,82
88261495,5411,88
88301421,5411,61
88301589,5499,59
88333583,5691,100
88425411,3047,34
88425522,5411,160
88458514,5541,79
88489581,5691,115
88489582,5691,34
88489615,5941,59
88616512,5411,42
88654507,5499,9
88654596,5411,160
88654669,5411,63
88796483,5411,61
88796489,5411,12
88796570,5411,60
88796571,5411,86
88996489,5691,50
88996490,5691,50
88996491,5691,115
88996496,5691,115
88996499,5691,50
88996504,5691,33
88996529,5691,59
88996540,5691,84
88996541,5691,50
88996550,5691,33
88996551,5691,50
88996552,5691,115
88996565,5691,59
88996568,5691,34
88996573,5691,50
88996574,5691,115
88996575,5691,115
88996580,5691,59
88996586,5691,34
88996587,5691,17
88996589,5691,84
88996594,5691,50
88996596,5691,115
88996597,5691,115
88996602,5691,59
88996619,5691,34
88996620,5691,115
88996621,5691,84
88996625,5691,50
88996628,5691,115
88996642,5691,59
88996655,5691,34
88996656,5691,115
88996657,5691,84
88996658,5691,4
88996676,5691,115
88996679,5691,59
88996684,5691,50
88996685,5691,115
88996689,5691,59
88996691,5691,34
88996694,5691,50
89072393,5411,120
89103499,5732,77
89103617,5691,4
89141428,5411,12
89141508,5200,120
89141511,5411,63
89171370,5541,12
89205401,5541,87
89205478,5960,115
89205479,6300,33
89392907,5411,4
89392912,5411,31
89393117,5941,115
89457480,5411,123
89494462,5411,42
89609389,5411,160
89609469,5411,63
89609482,5641,96
89640429,5200,31
89640433,5641,65
89640436,5641,160
89640442,5641,121
89710400,5411,123
89710452,5691,65
89818401,5411,82
89818403,5411,82
89818423,5718,121
89849365,5411,120
89887634,4812,17
89887635,4812,17
89920458,5411,77
90009352,5411,31
90043348,5499,82
90043445,5541,1
90144607,3047,34
90200404,5411,160
90234452,5411,86
90234455,5411,82
90305421,5977,115
90305583,5200,81
90334470,5411,120
90334532,5977,115
90400358,5411,17
90400452,5691,84
90480515,5411,77
90480539,5411,79
90480540,5411,88
90480541,5411,100
90480542,5411,121
90480544,5411,34
90480549,5411,86
90480551,5411,84
90480553,5411,34
90516406,5812,4
90542432,5541,121
90542460,5411,115
90598589,5411,59
90598591,5691,121
90666460,5411,50
90666461,5411,50
90666486,5411,81
90666514,5541,100
90847611,5977,50
90903608,5411,63
90903611,5691,63
90995481,5661,81
91022350,5541,84
91022439,5941,86
91061646,5411,77
91094427,5499,115
91094591,5691,81
91184496,5977,4
91184599,5411,60
91249446,5411,100
91282627,5499,70
91282763,5541,12
91282802,5411,59
91310514,5541,42
91310644,5541,50
91364424,5950,50
91364474,5411,33
91397358,5411,100
91397509,5661,77
91397543,5691,77
91397648,5691,77
91431435,5411,115
91431537,5411,82
91431561,5411,115
91431717,5718,63
91431751,5941,77
91467364,5814,115
91467365,5814,60
91502729,5812,63
91502731,5712,70
91556525,5411,88
91588682,5411,160
91626856,5718,84
91664549,5661,65
91780340,5732,70
91804615,5411,120
91804804,5691,77
91853350,5691,115
91853391,5691,50
91853403,5691,4
91919530,5499,123
91919531,5499,123
91986384,5661,77
92001532,5814,77
92060473,5411,120
92152658,5691,50
92249532,5641,84
92283724,5691,77
92377447,5691,120
92377727,5941,77
92446475,5411,121
92490585,5411,160
92490659,5411,4
92490661,5411,50
92523802,5977,63
92587519,5411,100
92621858,5411,100
92666423,5977,160
92666570,5718,61
92705433,5691,42
92705646,5541,2
92743468,5411,9
92895597,5211,42
92895716,5732,65
92895735,5977,115
93041522,5411,33
93041603,5732,70
93041705,5691,115
93254462,5411,1
93289345,6300,33
93289398,5712,63
93289525,5691,50
93363476,5691,17
93400360,5411,61
93424401,5691,70
93424472,7832,61
93424517,5977,115
93424518,5977,115
93465447,5977,100
93498477,5499,96
93498490,5691,70
93539531,5941,70
93570397,5691,4
93570463,5541,121
93570516,5691,70
93631477,5691,70
93631479,5691,70
93631481,5691,70
93631482,5691,70
93666370,5732,70
93666489,5411,115
93702430,5814,70
93702550,5691,70
93741610,5691,70
93773395,5977,65
93773456,5411,81
93810352,5691,115
93834443,5732,65
93872479,6300,50
93872490,5691,50
93872495,5691,4
93947422,5411,88
93947447,5661,70
94006360,5945,65
94006361,5945,70
94044409,5661,70
94077621,5945,70
94118459,5411,63
94149400,5691,4
94149406,5411,81
94149484,5812,77
94210426,5541,121
94210515,5411,12
94243444,5691,70
94243455,5941,70
94243494,5691,70
94243495,5691,77
94243545,5691,70
94243553,5722,70
94243559,7399,86
94243587,5950,70
94243621,5499,77
94279400,5941,70
94279417,5732,70
94279467,5661,70
94279509,5941,70
94279519,5691,70
94314405,5691,4
94314412,5661,70
94314464,5718,70
94345471,5661,70
94345479,5691,70
94345528,5411,81
94345568,5977,70
94345645,5661,70
94403406,5621,70
94403542,5411,65
94403545,5941,70
94403548,5942,70
94439523,5977,61
94475391,5541,160
94643331,8043,70
94686338,7523,63
94686378,5411,87
94686446,7538,63
94686488,5499,38
94721398,5977,50
94793390,8062,63
94793454,5950,121
94829451,5691,70
94829462,5691,65
94829463,5718,115
95000386,5912,4
95034488,5541,65
95034521,5814,50
95034593,5411,120
95034677,5411,1
95034678,5411,34
95070519,5411,120
95070838,5691,65
95070902,5411,17
95070929,5411,121
95070930,5411,60
95070931,5411,121
95070932,5411,77
95070933,5411,121
95070934,5411,42
95070935,5411,60
95070938,5411,77
95070941,5411,120
95070942,5411,81
95070945,5411,79
95070946,5411,120
95070947,5411,12
95070948,5411,77
95070949,5411,81
95070950,5411,77
95070951,5411,121
95070952,5411,121
95070953,5411,53
95070959,5411,121
95102891,5977,65
95162475,5499,100
95239391,5411,59
95239392,5411,1
95276466,5411,121
95276486,5977,115
95276487,5977,77
95403477,5411,87
95525386,5541,77
95525423,5541,63
95590498,5814,160
95590528,5411,63
95630371,5691,121
95630462,5499,100
95667416,5691,121
95948469,5411,88
95993497,5411,60
95993529,8062,100
96093199,5499,121
96093200,5499,88
96093201,5499,88
96126466,5411,82
96126467,5411,12
96209409,5718,160
96209483,5411,100
96244443,5541,1
96244777,5541,82
96429483,5499,123
96529490,5942,65
96563481,5977,123
96563494,5499,96
96644542,5499,4
96738383,5541,79
96785472,5941,84
96882433,5661,65
96882475,5411,70
96882482,5411,17
96882507,5411,87
97004450,5977,50
97067419,5411,4
97067420,5411,84
97102483,5411,50
97229448,6300,84
97229451,5999,98
97293462,5977,115
97329616,5960,17
97418508,5541,61
97418529,5691,79
97493385,5691,63
97518433,5691,115
97518442,5411,17
97556475,5691,9
97645590,5691,115
97688443,5411,63
97790392,5411,42
97790395,5411,63
97790397,5411,63
97790399,5411,115
97790402,5411,70
97790403,5732,70
97790408,5411,2
97790423,5411,96
97790456,8062,33
97827353,5641,70
97827454,5541,79
97827485,5691,115
97893416,5661,160
97893510,5411,100
97992433,5533,63
97992570,5541,50
98066488,5691,81
98115337,5977,123
98115338,5977,63
98115339,5977,61
98115409,5411,96
98115423,5411,65
98115424,5411,96
98115452,5941,70
98115490,5411,31
98115492,5411,81
98115511,5691,120
98151532,5691,59
98218424,8062,88
98218484,5661,34
98379351,5812,53
98379482,5411,123
98379483,5411,65
98446480,6300,17
98482428,5732,2
98482541,5691,4
98519437,5691,81
98519453,5541,123
98519466,5977,115
98519535,5691,34
98519566,5950,65
98567431,5691,81
98567484,5977,81
98702536,5411,120
98740390,5499,100
98740423,5718,4
98740508,5691,81
98821339,5462,82
98878453,5732,33
98910487,5691,2
98946631,5941,81
99007415,5691,70
99039513,5691,12
99039514,5691,115
99039524,5691,81
99039584,5718,81
99039585,5718,65
99039593,5977,34
99123471,5411,61
99229382,5691,81
99229515,5941,81
99229551,5945,81
99229565,5691,81
99229594,5541,9
99229598,5691,81
99263336,5977,121
99263450,5691,50
99263506,5411,9
99263573,7523,65
99263574,7523,65
99302428,5691,50
99334400,5941,81
99334438,5960,17
99394379,5411,59
99394542,5691,50
99394543,5942,63
99394582,5977,50
99394598,5411,61
99428508,5945,50
99428510,5977,50
99501455,5411,65
99543397,5718,50
99543399,5411,121
99576411,5411,2
99576519,5691,70
99612513,5977,17
99612624,5045,123
99653526,5661,79
99653577,7011,65
99653578,7011,65
99788365,5411,98
99788436,5411,70
99896435,5411,34
99896565,5977,9
99930389,5411,86
100034420,5411,96
100034452,5411,123
100034480,5411,70
100034490,5411,123
100119546,5411,160
100208526,5411,34
100208609,5691,115
100244434,5411,77
100244443,5411,121
100244488,5411,160
100297477,5691,70
100329421,5941,63
100329427,5691,50
100392470,5411,38
100537504,5691,65
100579368,5411,1
100579375,5411,82
100579376,5411,70
100579377,5411,123
100579380,5411,82
100579382,5411,82
100579383,5411,121
100579384,5411,42
100579386,5411,34
100579388,5411,121
100579389,5411,100
100579391,5411,121
100579393,5411,121
100603491,5814,4
100647599,5732,33
100686535,5691,70
100724535,5977,4
100825430,5541,31
100825503,5411,160
100863554,5411,59
100899358,5641,63
100937533,5977,160
101033456,7299,17
101145484,5541,17
101188430,5541,100
101222465,5812,17
101284448,5541,160
101321412,5411,84
101358388,5411,9
101358394,5411,38
101402396,5411,121
101402536,5541,42
101434602,5499,115
101434603,5499,123
101434604,5499,123
101434608,5499,12
101554416,5411,1
101554417,5941,81
101691448,5691,4
101691473,5943,50
101790368,5912,4
101790390,5411,63
101825394,5541,2
101825423,5691,17
101825425,5691,115
101864511,5691,70
101897519,5541,61
101946477,5411,61
101946503,5641,100
101984379,5411,121
101984447,5499,61
102159439,5541,96
102196395,5691,81
102231387,5411,77
102305359,5691,34
102364418,5814,4
102435518,5691,4
102699351,5411,100
102868513,5411,82
102868546,5411,79
102903389,5411,50
102903390,5411,4
102903392,5411,4
102903393,5411,61
102903417,5541,65
102903453,5411,50
102903455,5411,63
102903457,5411,63
102974400,5411,96
102974404,6300,115
102974405,6300,115
103004590,5691,115
103060411,5541,34
103060426,5691,77
103094501,5411,79
103094529,5691,81
103135396,5411,53
103135463,5411,31
103181394,5691,33
103212398,5812,4
103212425,5462,63
103212431,5411,63
103212446,5691,115
103212447,5691,82
103212449,5691,65
103212499,5661,120
103243385,5411,88
103304616,5691,1
103304617,5691,120
103304618,5691,61
103338344,5541,121
103338443,5691,120
103338466,5499,115
103338482,5499,84
103338490,5691,160
103410399,5732,60
103410514,5691,63
103457366,5661,120
103494339,5411,77
103535463,5941,50
103535479,5411,1
103614483,5411,86
103843359,5812,50
103843403,5411,160
103843421,5411,96
103843422,5411,115
103843423,5499,59
103843433,5691,115
103892427,5541,160
103979227,5541,86
104019496,5977,120
104055373,5411,50
104127366,5411,100
104171392,5411,17
104171454,5411,96
104209468,5411,50
104284368,5691,42
104284369,5691,120
104310358,5691,63
104310389,5411,65
104310401,5411,123
104310463,5411,34
104351365,5732,115
104393488,5499,50
104443429,5691,70
104548424,5691,50
104548437,5691,120
104585390,5411,63
104585528,5641,42
104634354,5691,4
104634556,5977,42
104680397,5411,38
104777445,5691,38
104854458,5691,42
104854471,5661,70
104974352,5977,82
104974402,5411,63
104974403,5411,12
104974529,4722,121
105015743,5814,42
105068448,5691,63
105118381,5977,70
105118485,5691,88
105118535,5732,42
105158788,5691,34
105203359,5411,77
105203477,8062,4
105243413,5499,81
105243431,5691,42
105243433,5691,120
105243781,5411,34
105315418,5641,4
105315451,5941,88
105315458,5691,42
105361423,5661,120
105400350,5945,65
105400351,5945,120
105449373,5942,42
105449374,5718,42
105449405,5541,50
105449422,5691,120
105449474,5691,115
105449498,5541,12
105509490,5661,115
105600544,6363,17
105600602,5411,96
105644343,5691,115
105644610,5732,60
105683458,5411,63
105683637,5411,15
105797439,5691,81
105797445,5411,38
105797500,5691,115
105797502,5691,65
105797545,5814,121
105797621,5691,50
105834396,5732,17
105834434,5691,50
105834435,5691,2
105834690,5411,70
105834913,5912,160
105834946,5541,141
105878421,5541,88
105878522,5641,65
105984346,5691,59
106119336,5411,38
106119414,5541,65
106208357,5411,88
106208381,5411,120
106319446,5691,17
106319512,5691,88
106509388,5977,50
106543373,5411,81
106543374,5411,81
106543402,5661,17
106543487,5960,115
106543488,5960,115
106670715,5960,115
106670878,5977,88
106713330,5541,120
106713381,5691,63
106713390,5722,4
106713396,5977,42
106713428,5691,88
106713471,5661,53
106765334,5541,77
106805407,5411,160
106805408,5411,88
106805410,5411,60
106805411,5411,81
106805412,5411,34
106805413,5411,50
106805414,5411,42
106805415,5411,121
106805417,5411,50
106805418,5411,82
106805419,5411,84
106805420,5411,84
106805421,5411,2
106805422,5411,160
106805423,5411,123
106805424,5411,123
106805425,5411,50
106805426,5411,50
106805427,5411,115
106805429,5411,121
106805430,5411,17
106805431,5411,84
106805443,5661,88
106805446,5541,34
106951564,5541,65
106951589,5411,59
106951606,5691,70
106951607,5541,70
106991384,5691,88
106991385,5718,53
106991386,5411,96
106991418,5661,88
106991493,5691,42
106991540,5691,88
107045559,5499,81
107094495,5691,53
107140417,5411,61
107140418,5411,17
107140419,5411,4
107140420,5411,50
107199383,5411,60
107199388,5691,88
107199416,5941,65
107199417,5411,63
107199418,5411,96
107247587,5691,50
107247592,5641,115
107247697,5718,88
107297347,5812,115
107346475,5999,120
107401434,5691,63
107468573,5621,50
107524574,5661,81
107568440,5941,63
107618579,5411,60
107656366,5541,96
107708425,5411,77
107906353,5411,42
107906401,5411,60
107906402,5411,42
107906403,5411,88
107906404,5411,1
107906405,5411,88
107906406,5411,88
107906407,5411,120
107906408,5411,88
107906409,5411,42
107906410,5411,42
107974441,5200,34
107974443,5411,4
108009445,5541,160
108050401,5999,81
108050427,5691,60
108099406,5533,160
108141437,5511,4
108141453,5411,61
108196397,5691,53
108196448,5411,120
108281464,5541,4
108363350,8062,9
108422472,5691,61
108422511,5411,77
108422513,5691,77
108461337,5411,123
108461472,5411,60
108496476,5411,4
108548394,5411,63
108648463,5691,88
108699510,5411,59
108890407,5691,82
108890453,5945,42
108967388,5732,82
108967484,5621,120
109016631,5732,115
109057506,5691,123
109115457,5411,50
109115458,5411,50
109115473,5411,60
109115523,5411,38
109154456,5411,50
109191430,5691,50
109191495,5691,34
109191510,5691,33
109191511,5691,120
109239336,5411,61
109239428,5411,42
109239603,5977,70
109274538,5732,34
109334442,5691,115
109334484,5541,31
109334530,5411,98
109334582,5541,38
109408421,5411,2
109408444,5411,50
109512470,5691,120
109512489,5691,115
109574489,5691,123
109574492,5691,33
109574517,5541,42
109619332,5411,63
109619582,5992,123
109619600,5977,17
109708447,5691,34
109708448,5691,61
109756368,5541,34
109756554,5411,115
109818478,5691,34
109818499,5691,34
109818501,5691,34
109818502,5691,34
109818503,5691,34
109818504,5691,34
109818505,5691,34
109856462,5812,61
109856512,5541,17
109894344,5977,34
109894635,5691,2
109981761,5691,4
109981790,5813,33
110044558,5977,33
110044563,5411,141
110084366,5661,17
110084419,5411,34
110084504,5950,34
110084568,5942,50
110119349,5977,115
110119391,5411,77
110119512,5541,77
110168477,5691,17
110206512,5691,34
110206522,5411,65
110341363,5732,63
110341372,5411,81
110407334,5691,100
110407574,5541,61
110407683,5732,34
110407740,5691,34
110444441,5691,115
110444443,5691,34
110444527,5661,34
110491361,5732,34
110491363,5691,34
110491546,5941,34
110491569,5950,34
110533388,5691,34
110533557,5661,34
110533675,5541,60
110533716,5411,115
110533718,5661,34
110533726,5691,34
110533747,5977,34
110596458,5941,34
110596465,5941,34
110596481,5691,34
110596526,5541,63
110596529,5945,34
110596557,5941,34
110596571,5411,65
110596599,5691,63
110641413,5941,34
110641523,5661,34
110641566,5977,34
110641603,5691,34
110641604,5691,34
110675541,5411,160
110675579,5541,100
110774376,5541,31
110774452,5691,60
110774535,5691,34
110774554,5691,34
110918507,5499,38
110958333,5691,34
110994582,5691,50
111049350,5621,115
111049578,5411,160
111088374,5411,12
111088521,5411,77
111124347,5691,34
111124420,4722,50
111161402,5732,31
111197518,5691,115
111197519,5691,17
111197521,5691,59
111197522,5691,70
111197523,5691,34
111197524,5691,88
111197525,5691,61
111197526,5941,50
111197527,5691,160
111247367,5941,34
111247384,5691,81
111247483,5812,34
111285430,9399,123
111285432,9399,100
111285556,9399,123
111285851,9399,123
111285964,9399,100
111286514,5945,2
111326579,5533,53
111368356,5977,4
111405414,5691,115
111458507,5411,88
111496508,5411,111
111542398,5691,96
111542462,5411,4
111617610,5499,70
111734482,5411,123
111811477,5691,63
111811544,4511,34
111853515,5411,141
111886491,5541,65
111886505,5411,60
112030377,5977,121
112030497,5691,121
112161420,5541,82
112161547,4722,65
112266344,5411,87
112427509,5691,100
112497360,5411,86
112730423,5541,160
113001452,5411,86
113042617,5411,9
113073404,5499,17
113073527,5411,31
113073541,5691,115
113129358,5411,160
113129368,5691,86
113129369,5691,2
113129373,5411,87
113165488,5411,100
113865395,5411,84
115366408,5661,63
115366681,5977,34
116811330,5691,50
116848479,5411,77
116848576,5541,87
116892342,5691,88
116892644,5541,115
116963389,5691,123
117090887,5411,38
117091073,5960,17
117139567,5411,42
117203502,5960,63
117203516,5960,63
117203541,5942,34
117310330,5941,50
117310331,5941,63
117310332,5941,70
117421591,5411,65
117500446,5411,82
117500510,5732,121
117538471,5541,59
117538505,5411,115
117728462,5411,121
117728497,5499,121
117765345,5691,141
117765444,5691,33
117805374,5691,82
118066390,4722,84
118066479,5541,1
118066481,5941,115
118177388,5411,121
118395402,5691,34
118395530,5411,160
118446389,5411,1
118506416,5411,120
118506423,5691,34
118506425,5691,4
118522426,5541,31
118585359,7399,115
118682391,5691,42
118682392,5691,42
118682395,5691,42
118682397,5691,42
118682450,5691,115
118718352,5977,82
118718353,5977,61
118718449,5411,50
118718525,5661,121
118756381,5411,63
118756397,5541,160
118792429,5411,15
118792508,5691,50
118792518,5499,84
118852465,5942,121
118889383,5691,63
118889437,5411,60
118927502,5691,121
118927506,5942,88
119057404,5691,121
119057405,5691,79
119057506,5541,60
119057521,5732,121
119093345,5661,121
119093392,5941,121
119093459,5691,65
119093464,5411,79
119213341,5977,81
119213416,5977,121
119281405,5411,77
119281440,5691,88
119332525,5541,50
119332538,5411,123
119332540,5691,121
119371382,5641,42
119555348,5941,121
119555402,5992,123
119555412,5691,121
119727479,5411,1
119799396,5814,42
119855385,5499,96
119855483,5691,88
120669422,5691,115
120669433,5732,1
120712416,5691,42
120754358,5411,53
120754359,5812,2
120754484,5691,1
120754493,5999,115
120754517,5691,88
120859401,5999,160
120859403,5960,63
120988421,5691,121
120988423,5411,81
120988437,5718,121
121032393,5691,115
121811430,5691,65
121811432,5691,96
121957507,5691,100
122025341,5411,100
122025363,5950,120
122086361,5691,121
122086461,5411,86
122086462,5411,121
122154546,5691,65
122233387,5691,63
122301536,5411,141
122301649,5960,9
122467335,5814,121
122467341,5411,53
122467377,5718,121
122467409,5411,96
122513392,5411,100
122576405,5411,115
122576421,5722,53
122639342,5411,82
122804423,5661,61
122891376,5411,123
122891424,5411,42
122891425,5411,60
122946534,5499,53
122946556,5499,88
122946558,5499,2
122946559,5499,121
122946563,5499,59
122946564,5499,123
122946566,5499,88
122946567,5499,100
122946569,5499,88
122946574,5499,59
122946582,5499,121
122946584,5499,79
122946585,5499,81
122946586,5499,81
122946587,5499,121
122946588,5499,59
122946589,5499,123
122946591,5499,123
122946592,5499,121
122946596,5499,121
122946597,5499,121
122946601,5499,115
122946602,5499,88
122946604,5499,121
122946605,5499,100
122946606,5499,120
122946607,5499,100
122946613,5499,88
122946614,5499,53
122946616,5499,81
122946617,5499,60
122946620,5499,121
122969353,5499,115
122969355,5499,60
123017472,5411,100
123057346,5977,61
123136469,5411,63
123136498,5691,50
123136505,5718,59
123218533,5732,115
123454153,7399,82
123454235,5411,115
123495073,5499,50
123495076,5411,115
123495105,5977,160
123558638,7399,82
123647525,5912,70
123698460,5411,12
123698461,5541,42
123698537,5411,42
123827331,5411,141
123827332,5411,42
123827345,5411,53
123901463,5977,33
123957353,5411,63
123957360,5977,81
123957363,5977,63
123957392,5541,86
124111451,5499,120
124178371,5411,2
124178438,5499,63
124297454,5541,42
124404353,5411,79
124404357,5411,70
124404358,5411,70
124404360,5411,70
124404361,5411,70
124404423,5541,61
124533368,5411,87
124533459,5411,60
124533461,5411,50
124690364,5977,88
124690373,5691,34
124755340,5942,61
124755376,5411,120
124755455,5541,38
124811444,5977,34
124908489,5499,120
124999399,5411,96
125058489,5411,2
125110442,5812,115
125157467,5411,70
125334357,5411,79
125334454,5411,31
125334472,5999,88
125387429,5411,88
125443435,5541,115
125443455,5411,60
125443470,5411,61
125483329,5499,50
125560418,5411,42
125605460,5411,96
125711367,5977,12
125711446,5814,70
125711515,5411,9
125711520,5411,9
125997373,5411,100
126056367,5732,63
126056368,5732,77
126106415,5944,98
126365379,8062,100
126365485,5499,121
126433432,5499,88
126559366,5814,86
126604415,5541,87
126604423,5411,131
126604449,5411,38
126604489,5411,42
126647465,5732,50
126699357,5411,86
126699469,5411,123
126763395,5541,120
126763398,5541,121
126763399,5541,120
126856334,5411,60
126856335,5411,63
126856377,5499,81
126856431,5411,65
126856451,5411,160
126962345,5814,77
126962457,5541,100
127011401,5411,160
127011437,5631,17
127011498,5977,63
127076337,5691,61
127156430,5411,120
127156431,5411,42
127156433,5411,120
127156452,5691,63
127156504,5977,61
127243402,5691,63
127243403,5691,63
127243405,5691,63
127243407,5691,63
127243408,5691,63
127243428,5541,100
127243661,5661,81
127293349,5691,12
127293466,5661,115
127474438,5541,2
127474446,5411,34
127525371,5533,63
127525460,5411,12
127525468,5411,123
127525470,5411,17
127525506,5641,63
127626478,5499,123
127626480,5499,79
127671426,5499,115
127671427,5499,121
127671469,8043,63
127738364,5960,17
127856464,5641,96
127907462,5661,100
127956514,5411,65
128025445,5499,12
128104375,4814,17
128104395,5977,100
128197418,5732,65
128197499,5499,84
128197500,5499,123
128197518,5411,84
128489560,5499,86
128611360,7299,115
128611458,5641,77
128659440,5691,63
128718329,5411,63
128718347,5691,115
128718433,5411,61
128762369,5411,31
128762396,5641,115
128762434,5942,115
128762485,5411,79
128864508,5411,63
128864510,5411,63
128990351,5941,70
128990402,5411,34
128990507,5977,63
128990531,5732,63
128990541,5814,63
129050444,5814,63
129097355,5499,123
129097358,5200,123
129176427,5691,63
129176511,5718,63
129176553,5541,70
129176556,5541,1
129262443,5691,77
129262471,5977,115
129336353,5411,96
129336522,5691,50
129364342,5411,100
129415344,5541,17
129415434,5945,42
129415476,5411,60
129415477,5411,121
129487476,5111,4
129487542,5541,42
129615364,5941,160
129663423,5691,115
129719540,5812,115
129719542,5812,63
129901404,5691,63
129901496,5812,115
129901516,5812,34
129901534,5718,115
129954408,5691,115
129954432,5541,81
130017391,5411,9
130017396,5411,9
130017398,5411,9
130017400,5411,9
130062433,5499,82
130062557,5411,82
130139350,5411,9
130215551,5411,50
130294346,5411,65
130294658,5912,96
130343427,5499,63
130343548,5977,34
130343563,5411,120
130421374,5977,88
130473436,5411,121
130473461,5977,115
130525388,5691,4
130582463,5912,1
130582510,5541,160
130696336,5691,42
131101462,5661,70
131101575,5411,81
131159470,5541,65
131240362,5718,123
131240584,5499,88
131240594,5411,59
131240624,5541,123
131370363,5691,4
131370405,5411,60
131370469,5948,77
131370492,5691,160
131370525,5411,86
131370526,5718,70
131426434,5541,60
131426531,5541,121
131612375,5691,9
131697365,5691,82
131697531,5411,77
131846405,5541,61
131846448,5661,86
131960444,5977,50
131960447,5977,50
132019464,5411,111
132019603,5541,50
132136447,5411,61
132136474,5499,120
132136476,5499,100
132217452,5411,77
132217453,5411,115
132217455,5411,123
132217456,5411,81
132217457,5411,115
132217458,5411,123
132217459,5411,77
132217460,5411,59
132217461,5411,34
132217462,5411,59
132217464,5411,77
132217465,5411,79
132217467,5411,1
132217469,5411,82
132217470,5411,42
132217472,5411,77
132217473,5411,82
132217474,5411,115
132217475,5411,59
132217476,5411,121
132217477,5411,50
132217480,5411,61
132217486,5411,12
132217487,5411,17
132217489,5411,4
132217491,5411,1
132217494,5411,61
132217495,5411,61
132217496,5411,160
132217500,5411,121
132361526,5541,79
132361568,8299,50
132415440,5411,100
132482427,5814,50
132482428,5814,121
132482500,5411,100
132482523,5691,12
132542450,5691,96
132542475,5411,4
132542497,5691,115
132657468,5411,17
132839495,5411,70
132839536,5411,53
132925343,5691,4
132925499,5541,100
132970403,5814,50
132970432,5977,50
132970505,5411,86
133080389,5718,12
133080408,5411,81
133135370,3047,34
133135379,3047,34
133242437,5411,59
133242447,5941,115
133289342,4814,17
133289516,5411,160
133537358,5411,34
133861405,5942,115
133861424,5621,81
133861507,5411,63
133914364,5732,120
133914484,5541,50
133991394,5691,33
133991400,5411,63
133991403,5411,121
133991405,5411,120
133991406,5411,121
133991409,5411,88
134042401,5411,31
134042448,5691,81
134113408,5411,42
134113438,5411,82
134113446,5411,86
134113507,5411,96
134148448,5541,88
134187525,5541,81
134267448,5411,53
134315374,5411,63
134315376,5411,60
134365371,5411,42
134416342,8699,88
134416461,5411,4
134458341,4812,17
134458510,5718,160
134538462,5411,160
134597362,5541,38
134650503,5499,121
134705469,5411,60
134705474,5411,121
134759436,5541,4
134759437,5541,65
134903389,5541,121
135000335,5541,9
135000434,5732,77
135067417,5499,65
135067423,5499,63
135125357,5691,38
135125381,5499,61
135125427,3047,34
135179477,5541,60
135348395,5541,120
135348427,5411,81
135348447,5691,70
135348472,5411,59
135348474,5541,50
135459555,5691,65
135589350,5499,123
135623432,5499,100
135770374,5912,42
135770568,5541,33
135770595,5941,33
135823389,8062,77
135823434,5812,70
135823708,5691,70
135867351,5541,121
135957442,5960,115
136054371,5499,60
136732338,5541,17
136732493,5977,84
136799416,5499,63
136799425,5411,88
136901373,5722,63
136901381,5722,141
136987410,5661,12
137030466,5691,81
137110373,5499,96
137110391,5977,123
137159442,5732,120
137217414,5945,50
137263349,5411,82
137263381,5411,86
137310449,5411,79
137310508,5411,4
137400599,5411,123
137454493,5999,81
137509400,5499,82
137566383,5411,60
137566601,5977,34
137566604,5977,42
137701381,5611,88
137701600,5411,59
137764461,5812,50
137764507,5411,100
137764508,5411,88
137816467,5812,34
137816492,5691,34
137816495,5641,34
137816500,5691,120
137881498,5812,34
137934445,5977,121
137934478,5411,1
138012395,5541,59
138012480,5691,120
138012484,5411,77
138012487,5691,96
138012513,5411,123
138101437,5541,59
138101474,5631,63
138101489,5631,115
138101547,5977,115
138176510,5661,42
138224340,5691,42
138224394,5691,42
138224399,5691,42
138224400,5691,42
138224502,5541,87
138307531,5411,81
138417336,4722,84
138417575,5661,42
138417614,5691,120
138475450,5977,42
138475569,5411,120
138475572,5411,84
138475586,5691,63
138475659,5941,42
138475684,5411,70
138521504,5691,88
138604329,5691,120
138604458,5977,42
138604464,5499,50
138604479,5814,4
138604486,5718,120
138604510,5941,42
138604533,5661,120
138604553,5814,4
138604581,5691,42
138604582,5691,120
138661398,5691,42
138661417,5411,100
138661436,5541,115
138661456,5941,42
138661480,5691,53
138661490,5941,63
138661524,5732,42
138661546,5661,42
138730413,5691,42
138730432,5691,120
138730499,5691,88
138790492,5691,120
138790506,4131,61
138790585,5691,50
138790592,5691,88
138790600,5691,42
138851524,5691,42
138996698,5411,53
139138388,5411,100
139138391,5411,160
139138397,5411,96
139138403,5411,12
139138417,5411,81
139138430,5411,59
139138446,5411,50
139138457,5411,65
139138460,5411,123
139138462,5411,70
139138463,5411,88
139138485,5411,98
139138494,5411,77
139138522,5411,12
139138589,5411,70
139138701,5411,81
139204420,5411,63
139266398,5812,42
139266456,5541,42
139266528,5812,115
139266535,5411,96
139338504,5722,63
139338570,5732,38
139480473,5541,123
139480528,5411,160
139480546,5942,63
139480581,5411,42
139480587,5661,63
140719504,5541,160
140772463,5691,50
140772564,5411,160
141012407,5691,88
141082406,5942,84
141082571,5411,38
141082629,5411,84
141223474,5977,160
141223645,5999,77
141290626,5941,120
141351615,5941,34
141351713,5411,42
141466529,5661,70
141552619,5718,115
141622406,5812,4
141622466,5411,42
141724486,5411,4
141724559,5641,63
141775527,5499,96
141861495,5977,115
141926410,5691,81
141983496,5411,17
141983582,5691,65
141983761,5977,115
141983763,5411,38
142051414,5541,100
142112422,5045,123
142112471,5541,9
142198571,5977,65
142271586,5661,70
142330356,5691,81
142394608,5691,63
142394647,5411,65
142457633,5977,4
142609716,5718,1
142671562,5691,61
142765490,5691,65
142765497,5691,50
142765543,5541,65
142765546,5541,65
142765567,5411,63
142765591,5499,42
142799418,5999,4
142889378,5411,100
142889515,5942,84
143007479,5541,87
143078577,5977,63
143142577,5541,121
143581460,5541,98
143787449,4722,50
143787542,5661,115
144357366,5691,4
144559441,5814,50
144559686,5691,96
144559687,5691,120
144616488,5942,42
144705460,5691,79
144705498,5200,50
144763329,5691,4
144763441,5411,50
144895580,5411,123
144952357,5411,160
144952481,5411,100
145101366,5541,88
145152476,5499,33
145152482,5499,86
145152483,5499,82
145152484,5499,160
145152486,5499,160
145152487,5499,120
145152488,5499,50
145152490,5732,98
145152492,5499,82
145152495,5499,88
145152496,5499,77
145152500,5499,9
145152501,5499,61
145152502,5499,61
145152503,5499,82
145152505,5499,123
145152506,5499,123
145152512,5499,96
145152514,5499,96
145152515,5499,96
145152516,5499,81
145152713,5718,96
145225342,5200,2
145290567,5691,17
145290587,5045,63
145386485,5541,50
145510472,5691,65
145510614,5691,4
145510624,5411,121
145510629,5411,82
145589454,5411,70
145589570,5541,4
145589730,5691,98
145730336,5960,9
145730408,5541,81
145789606,5411,88
145789704,5945,70
145789715,5661,123
145939400,5977,120
145997578,5691,33
145997728,5661,2
146050377,5814,160
146050390,5411,88
146050391,5411,88
146050392,5411,115
146050396,5411,53
146083560,5691,4
146083586,5411,81
146153733,5411,160
146153778,5045,115
146290761,5941,4
146442405,5411,38
146442534,5541,38
146562380,5411,81
146562540,5499,42
146562668,5411,60
146562695,5977,4
146692556,5541,38
146797490,5411,81
146797491,5411,70
146797523,5691,82
146856678,5411,42
146856702,4722,115
146856723,5499,50
146932416,5691,160
146932513,5541,63
146932514,5541,123
147057581,5411,63
147157343,5722,12
147157394,5411,160
147230402,5691,4
147414718,5691,4
147414784,5541,61
147509532,5942,4
147509611,5691,4
147509694,5541,53
147593896,5411,121
147732784,5977,4
147732787,5977,4
147766395,4812,115
147766497,5732,4
147766564,5661,34
147766730,5691,4
147766761,5941,160
147767004,5661,4
147858494,5411,120
147858495,5411,50
147858638,5691,60
147858671,5718,4
147858683,5722,4
147919587,5499,100
147919814,5945,4
147980511,5411,17
147980804,5691,4
148128337,5541,59
148209498,5691,2
148339344,5499,98
148339384,5541,115
148339420,5411,96
148339423,5411,81
148409573,5691,82
148409703,5691,82
148578394,5411,123
148578728,5732,123
148635701,5691,115
148705581,5977,33
148705587,5977,82
148919616,5411,65
148919617,5411,42
148981338,5691,82
148981339,5691,82
148981341,5691,82
148981567,5541,77
148981613,5541,123
149061700,5814,123
151852746,5691,123
151925349,5977,59
151925454,5200,59
151925507,5691,50
151981488,8043,34
151981805,5541,96
152052571,5661,4
152052676,5950,42
152052775,5999,53
152139526,5411,60
152139626,5499,96
152139652,5499,63
152294367,5499,4
152294682,5411,96
152400406,5541,50
152458730,5411,70
152567344,5541,77
152567748,5541,42
152567773,5541,42
152631679,5541,87
152696487,5411,77
152696500,5977,63
152696718,8062,61
152696743,5691,100
152946626,5499,38
153007342,5533,141
153007701,5541,160
153007753,5661,82
153071371,5691,82
153071673,5411,131
153139685,5411,123
153190553,8062,121
153190644,5812,59
153190661,5977,82
153190727,5691,82
153190782,5941,82
153281331,5718,79
153281457,5661,82
153281502,5499,61
153281528,5691,115
153281622,5661,82
153281624,5661,123
153333475,5732,82
153333597,5950,82
153333666,5941,82
153333676,5941,82
153392514,5814,123
153392532,5200,82
153392540,5200,65
153392547,5661,98
153392602,5691,82
153392607,5942,82
153392687,5691,82
153392689,5541,96
153452547,5541,141
153452594,5621,82
153452725,5814,82
153452739,5411,88
153507458,5718,82
153507521,5941,82
153507692,5691,123
153507711,5691,82
153507758,5691,115
153601352,7298,88
153601493,5499,63
153601498,5499,160
153601629,5945,82
153654487,5411,42
153706686,5941,84
153706695,5941,65
153706697,5941,84
153706700,5941,42
153706704,5941,70
153706711,5941,81
153706735,5941,82
153771519,5411,9
153771546,5411,100
153771561,5411,82
153771611,5941,115
153821665,5941,123
153821695,5691,123
153935680,5661,63
153935682,5691,123
153935685,5977,123
153935708,5718,123
153985649,5411,123
153985652,5411,33
153985661,5411,61
153985662,5411,100
154059379,5411,33
154059380,5411,115
154059383,5411,115
154059523,5411,111
154059681,5691,123
154121377,5411,115
154121500,5411,123
154172408,5045,115
154172594,5641,123
154172596,5641,34
154172598,5641,4
154227329,5691,123
154258392,5411,77
154258509,5941,82
154316378,5977,2
154316516,5941,82
154374633,5541,63
154374642,5718,160
154374651,5718,61
154374652,5718,82
154374657,5718,115
154374663,5718,34
154374673,5718,42
154374677,5718,160
154374679,5718,121
154374683,5718,34
154374686,5718,160
154374688,5718,4
154374690,5718,120
154437339,5691,82
154437391,5499,77
154437471,5541,131
154437511,5499,31
154437599,5621,82
154437611,5718,115
154437613,5621,121
154437614,5718,50
154437650,5411,42
154437652,5411,86
154533485,5411,61
154533531,5411,65
154533536,5411,123
154533543,5411,160
154533553,5411,82
154533628,5411,63
154651361,5691,123
154651413,5541,63
154714365,5718,115
154829419,5732,77
154829425,5411,31
154829563,5950,123
154883346,5541,15
154917375,5814,33
154917838,5541,63
154917841,5541,63
154917904,5411,100
154917907,5411,63
154917938,5691,100
154917992,5411,160
155023413,5814,61
155090748,5691,123
155090801,5691,81
155142398,5499,100
155142457,5814,4
155142620,5411,70
155233357,5814,65
155249945,5499,53
155313389,5499,141
155313415,5541,123
155313425,5411,42
155313433,5411,42
155313487,5977,123
155376618,5718,65
155445429,5411,1
155445461,5691,63
155488560,5411,77
155631451,5691,4
155751549,5977,115
155751562,5541,4
155797438,5941,4
155882401,5691,160
155882411,5691,160
155882415,5691,160
155882419,5691,160
155882423,5718,33
155882427,5691,160
155882485,5661,123
155933334,5962,160
155933498,5411,77
155933500,5411,79
155933582,5411,42
155987383,5411,61
155987396,5411,61
155987521,5541,98
156050384,5812,115
156050522,5541,65
156098527,5945,88
156185381,5411,1
156185412,5718,50
156290525,5691,63
156290555,5691,50
156399515,5541,50
156399593,5541,86
156486436,4722,17
156486544,5641,160
156536418,5411,63
156838590,5691,160
156892338,5411,100
160968365,5691,160
160968428,5977,160
161078359,5661,160
161151373,5411,123
161151428,5661,160
161192489,5722,115
161192540,8299,4
161274446,5541,65
161274472,5691,115
161324643,5411,82
161324644,5411,59
161438401,5411,65
161438419,5691,160
161438461,5732,160
161438600,5814,141
161482430,5732,115
161482583,5541,2
161586569,5691,115
161586599,5691,1
161586642,5812,160
161586695,5977,33
161586704,5977,34
161586705,5977,160
161700437,5661,77
161700442,5691,160
161700594,5621,160
161751571,5945,160
161843382,5691,160
161900403,5691,160
161959475,5718,33
161959548,5942,160
162018417,5691,60
162018422,5718,34
162018579,5691,160
162018630,5977,50
162102552,5941,160
162102586,5661,160
162169463,5541,42
162169498,5411,63
162245392,5812,50
162245430,5411,38
162245435,5411,63
162245437,5411,63
162245444,5411,38
162245451,5411,63
162245565,5661,65
162278459,5541,1
162343573,5411,2
162343632,5691,115
162343662,5691,121
162395383,5983,81
162395606,5691,160
162395646,5691,33
162486540,5691,63
162486625,5691,33
162543362,5411,17
162543498,5691,115
162611494,5814,33
162683376,4812,115
162683608,5691,33
162683702,5541,160
162744523,5691,17
162744548,5691,17
162838469,5411,60
162838470,5411,81
162838473,5411,60
162838475,5411,77
162838477,5411,34
162838478,5411,88
162838479,5411,81
162838480,5411,81
162838482,5411,42
162838483,5411,121
162838488,5411,120
162838489,5411,84
162838493,5411,100
162838496,5411,79
162838497,5411,70
162838501,5411,82
162838502,5411,123
162838517,5411,100
162838518,5411,82
162838520,5411,100
162838523,5411,121
162838524,5411,79
162838526,5411,42
162838528,5411,60
162838529,5411,42
162838537,5411,121
162838541,5411,70
162838543,5411,86
162838544,5411,123
162838546,5411,123
162838549,5411,81
162838550,5411,121
162838552,5411,70
162838553,5411,121
162838554,5411,60
162838555,5411,115
162838558,5411,100
162838559,5411,100
162838562,5411,121
162893784,5641,70
162893854,5661,63
162951623,5411,42
162951866,5411,60
162951867,5411,42
163084385,5411,53
163084402,5499,82
163084606,5411,123
163084669,5942,33
163181457,4814,115
163181473,5411,100
163181593,4812,115
163181604,4812,115
163181610,4812,115
163263484,5942,33
163263510,5691,160
163355757,5499,120
163431435,5732,81
163431599,5541,100
163482487,5411,120
163583497,5661,82
163643422,5411,1
163704396,5691,34
163704532,5411,100
163704533,5411,77
163704537,5499,60
163770486,5812,33
163770559,5541,121
163770680,5718,115
163832582,5411,82
163832703,5812,33
163923431,5411,61
163923432,5411,61
163923433,5411,61
163923434,5411,120
163923457,5411,121
163923480,5411,160
163923525,5411,160
163923529,5411,100
163923531,5411,70
163923547,5411,70
163923568,5411,4
163923582,5411,96
163923663,5411,50
163923686,5411,70
163923702,5411,59
163923703,5411,50
163923704,5411,9
163923705,5411,17
163923711,5411,17
163923712,5411,82
163923714,5411,33
163923717,5411,123
163923721,5411,59
163923735,5411,50
163923738,5411,17
163923758,5411,121
163923761,5411,123
163923764,5411,2
163923770,5411,50
163923781,5411,160
163923784,5411,96
163923789,5411,70
163923801,5411,115
163923810,5411,17
163923812,5411,123
163923820,5411,84
163923821,5411,1
163923822,5411,160
163923829,5411,63
163923833,5411,60
163923835,5411,34
163923836,5411,31
163923839,5411,17
163923841,5411,82
163923848,5411,50
163923849,5411,2
163923851,5411,84
163923852,5411,9
163923853,5411,115
163923861,5411,115
163923862,5411,4
163923865,5411,59
163923876,5411,160
163923896,5411,17
163923897,5411,12
163923903,5411,12
163923904,5411,1
163923911,5411,70
163923940,5411,70
163923959,5411,50
163923961,5411,34
163923963,5411,50
163923965,5411,50
163923966,5411,50
163923967,5411,31
163923968,5411,50
163923969,5411,61
163923993,5411,115
163924022,5411,115
163924023,5411,96
163924025,5411,33
163924029,5411,160
163924035,5411,77
163924042,5411,2
163924047,5411,81
163924051,5411,12
163924052,5411,50
163924055,5411,121
163924056,5411,17
163924057,5411,34
163924059,5411,115
163924061,5411,84
163924062,5411,34
163924063,5411,100
163924064,5411,96
163924066,5411,88
163924067,5411,34
163924069,5411,121
163924077,5411,84
163924080,5411,50
163924085,5411,17
163924087,5411,9
163924090,5411,160
163924092,5411,4
163924093,5411,34
163924095,5411,115
163924098,5411,82
163924100,5411,50
163924102,5411,82
163924103,5411,82
163924105,5411,17
163924124,5411,9
163924125,5411,59
163924126,5411,33
163924127,5411,115
163924128,5411,59
163924129,5411,77
163924131,5411,61
163924137,5411,88
163924140,5411,50
163924143,5411,81
163924147,5411,17
163924148,5411,4
163924149,5411,115
163924150,5411,123
163924152,5411,123
163924153,5411,115
163924157,5411,123
163924169,5411,100
163924172,5411,61
163924179,5411,33
163924181,5411,12
163924183,5411,4
163924186,5411,160
163924189,5411,70
163924193,5411,115
163924194,5411,88
163924201,5411,88
163924210,5411,120
163924212,5411,141
163924226,5411,70
163924246,5411,9
163924252,5411,160
163924273,5411,61
163924296,5411,160
164019411,5411,123
164019413,5411,123
164019422,5411,50
164019442,5411,88
164019480,5411,82
164072477,5411,50
164137574,5732,34
164137577,5732,4
164137590,5732,65
164137594,5732,96
164137597,5732,100
164137612,5732,42
164230590,5411,84
164230592,5411,84
164230593,5411,50
164230595,5411,87
164230598,5411,34
164230604,5411,82
164287362,5977,9
164287456,5462,53
164287573,5411,50
164436445,5691,84
164518592,5411,77
164580460,5541,63
164701559,5411,4
164828573,5411,115
164951604,5814,33
165035473,5411,77
165035486,5942,123
165035499,5411,53
165035631,5691,38
165106469,5941,70
165106663,5977,115
165162691,5977,63
165250487,5200,70
165250626,5718,84
165287601,5691,123
165442457,5691,79
165442753,5945,4
165502420,5732,160
165564419,5732,50
165564426,5732,61
165713504,5732,33
165824487,5411,53
165824958,5411,70
165883565,5718,4
165883768,5541,53
165883891,5977,34
165938593,5411,87
165938635,5947,123
165938791,5691,115
166042330,5960,9
166042444,5945,84
166042449,5945,160
166042450,5945,4
166042451,5945,34
166042463,5945,34
166042491,5411,100
166096513,5661,42
166096685,5945,82
166166570,5411,63
166166622,5641,63
166225481,5411,96
166225528,5960,81
166225624,5411,81
166285699,5691,96
166341330,5641,12
166379881,5411,160
166436760,8062,121
166599577,5732,70
166599583,5732,81
166599584,5411,60
166599586,5732,53
166599651,5691,17
166687612,5621,63
166687879,5691,4
166743625,5621,160
166743754,5411,59
166743815,5691,82
166802570,5411,141
166802749,5541,17
166802853,5541,61
166860342,7298,33
166860626,5411,81
166860758,5621,4
166915869,8062,81
166915885,5499,63
167108333,5621,81
167108397,5045,63
167108492,5691,61
167108498,5691,61
167108502,5691,61
167108508,5691,61
167108593,5691,61
167108603,5691,61
167108608,5691,61
167182634,5941,123
167182783,5411,1
167237665,5462,70
167237890,5462,60
167323410,5411,121
167323515,5411,63
167323531,5411,63
167323537,5411,70
167323547,5411,2
167323568,5411,59
167323571,5411,59
167323625,5411,115
167323631,5411,2
167323635,5411,123
167323637,5411,82
167381477,5411,100
167381594,5411,160
167381693,5641,63
167546684,5945,59
167641605,5691,31
167696539,5691,50
167696619,5411,33
167749539,5411,33
167749552,5411,123
167749554,5411,123
167749562,5411,111
167749563,5411,123
167749565,5411,17
167749567,5411,115
167749569,5411,17
167749574,5411,82
167749653,8062,61
167850391,5541,65
167850685,5499,60
167931500,5641,61
167931673,5718,50
167982330,5411,115
167982332,5411,50
168063604,5411,81
168141536,5691,50
168141605,5691,141
168173509,5718,115
168173706,5411,131
168173746,5977,61
168173860,5661,42
168252691,5411,123
168304535,5411,96
168359399,5411,17
168359475,5411,121
168359567,5950,4
168415444,5691,65
168415579,5541,50
168464097,5541,65
168464132,5411,100
168605509,5641,63
168605588,5541,77
168605622,5541,77
168643552,7538,50
168734437,5691,4
168734537,5732,34
168832402,5411,53
168934339,5411,33
168934451,5691,61
169022383,5812,42
169022567,5411,34
169022592,5712,63
169022601,5712,70
169100424,5411,1
169100538,5732,53
169100654,5977,115
169100657,5977,160
169244414,5641,160
169244507,5541,70
169244511,5541,70
169309358,5691,33
169309560,5411,77
169309562,5411,77
169309565,5411,77
169427481,5691,63
169427621,5691,63
169427650,4812,96
169474329,5641,63
169474365,5718,34
169474621,5977,63
169474793,5732,63
169521527,5541,121
169564355,5691,81
169564431,5945,63
169564516,5812,61
169564542,5411,60
169564543,5411,65
169564598,5941,63
169564623,5411,50
169564632,5411,115
169564651,5691,61
169630413,5661,63
169630586,5812,61
169630648,5950,63
169631030,5960,33
169631046,5661,63
169631140,5691,115
169673341,5814,70
169673479,5691,63
169673520,5541,96
169673536,5691,61
169673548,5691,61
169673553,5732,61
169673681,5691,61
169673696,5691,63
169714363,5691,63
169714372,5691,63
169714440,5691,63
169714502,5718,63
169714630,5691,61
169714885,5691,61
169764431,5732,61
169764534,5942,61
169764548,5691,61
169764556,5691,160
169804974,5977,61
169924360,5691,61
169924517,5411,61
169946424,5411,38
169946427,5814,61
169946442,5691,61
169946465,5411,81
169946467,5411,42
169946468,5411,42
169946469,5411,120
169946491,6300,50
169946597,5812,63
169999452,5691,61
169999714,5718,61
170051410,5732,120
170051411,5732,2
170051412,5732,82
170051427,5732,115
170051506,5411,61
170051510,5411,4
170051511,5411,50
170051513,5411,63
170051514,5411,4
170051515,5411,50
170051516,5411,81
170051517,5411,61
170051518,5411,63
170051519,5411,50
170051520,5411,12
170051521,5411,100
170051522,5411,141
170051523,5411,50
170051524,5411,96
170051525,5411,160
170051526,5411,63
170051527,5411,2
170051528,5411,53
170051529,5411,63
170051531,5411,115
170051533,5411,61
170051534,5411,141
170051536,5411,160
170051537,5411,63
170051538,5411,65
170051539,5411,53
170051540,5411,98
170051542,5411,61
170051543,5411,87
170051555,5732,4
170051619,5691,63
170051638,5411,38
170051643,5411,38
170165411,5411,87
170165415,5411,42
170211385,5691,53
170211395,5691,53
170211397,5691,53
170211427,5691,53
170211566,5812,61
170280345,5411,2
170280585,5977,50
170280594,5977,82
170280639,5941,2
170362466,5732,53
170398340,5691,77
170512530,5411,77
170556396,5812,121
170556410,5812,121
170556614,5977,121
170556658,5541,60
170608409,5411,61
170608467,5691,34
170608484,5411,4
170608487,5411,50
170646554,5499,60
170646585,5718,42
170646623,5691,100
170646632,7538,63
170714472,5999,2
170714513,5661,123
170714533,5411,121
170714536,5411,160
170714537,5411,160
170841584,5411,63
170841719,5718,88
170848597,5411,33
170848598,5411,61
171026360,5541,79
171026417,5541,61
171147346,5411,100
171188354,5718,50
171188682,5691,81
171188711,5411,4
171258606,5945,61
171258635,4900,160
171258909,5691,77
171315461,5691,121
171315508,5691,53
171315630,5541,63
171352545,7538,79
171501540,5541,77
171501565,5411,63
171542426,5411,160
171542429,5411,61
171542592,5691,82
171608542,5661,77
171652417,5814,33
171652441,5411,33
171652705,5411,63
171652730,5411,63
171699599,5691,82
171699605,5691,53
171699704,5411,88
171699708,8062,65
171745591,5411,115
171746103,5977,59
171788477,5200,53
171850595,5411,160
171850629,5691,115
171850654,5814,63
171850667,5411,42
171850724,5691,61
171850884,5941,53
171890555,5661,61
171890676,5641,53
171950448,5411,141
171950493,5411,88
171950496,5999,121
171950553,5411,123
171950595,5977,70
171950648,5541,4
171991390,5722,121
171991501,5814,70
171991589,5722,34
171991614,5691,160
172054747,5541,65
172097336,5641,98
172097502,5722,42
172097507,5722,81
172137439,5977,31
172137562,5411,61
172229802,5411,31
172325436,5411,65
172325438,5950,81
172325469,5411,120
172325733,5200,81
172396434,5691,53
172396661,5977,17
172396687,5718,4
172445417,5541,61
172445632,5541,1
172493493,5411,115
172493658,5541,33
172493661,5661,53
172562602,7399,82
172562743,5641,120
172609461,5977,53
172609496,5310,120
172609505,5310,123
172609610,5045,123
172673543,5541,141
172673656,5732,42
172673735,7399,100
172673763,5941,53
172732424,5411,123
172732625,5942,53
172732745,6300,50
172784482,7832,65
172784518,5411,42
172784520,5814,53
172861488,5691,53
172861585,5950,53
172861610,5945,53
172861689,5718,53
172861704,5950,53
172909454,5950,82
172909580,5691,53
172909619,5411,42
172909651,5941,53
172909689,5691,53
172909706,5691,53
172954361,5661,53
172954421,5941,42
172954541,5732,77
172954597,5718,53
173001882,5411,121
173068423,5411,53
173068661,7538,160
173112339,5541,61
173112751,5732,61
173112871,5541,98
173151855,5541,79
173197691,5310,50
173337339,5411,4
173337528,5691,77
173337568,5812,115
173381365,5411,77
173439663,5691,53
173487433,5411,86
173594349,5541,1
173594487,5732,34
173634339,5411,65
173634544,5411,77
173634583,5945,160
173676552,4900,123
173676622,5691,12
173725552,5499,34
173766427,5732,4
173766554,5691,53
173832753,5691,42
173921415,5541,160
173921560,5541,38
173921566,5411,42
173921586,5411,121
173921680,5310,115
173921717,5411,65
173970581,5411,160
174007549,5541,1
174007732,5691,160
174077356,5411,38
174077357,5411,160
174077360,5411,96
174077362,5411,115
174077390,5691,34
174077395,5691,160
174077396,5691,33
174077400,5691,121
174077405,5691,4
174077406,5691,81
174077415,5691,34
174077419,5691,115
174077420,5691,63
174077425,5691,70
174077428,5691,120
174077430,5691,120
174077469,5411,50
174121510,5411,82
174121670,5411,100
174161486,5411,77
174161648,5691,53
174214501,5411,50
174214575,5499,1
174258465,5411,141
174352500,5411,88
174401534,5814,4
174478375,5411,42
174559330,5499,77
174559389,5691,115
174559551,5411,63
174559599,5641,63
174674522,5732,115
174674559,5691,84
174674622,5977,121
174882422,5722,115
174882516,5691,53
174972445,5411,79
174972447,5411,77
175019376,5541,88
175019446,5499,42
175019506,5499,84
175058575,5812,34
175128525,5947,42
175215467,5411,53
175270452,5814,50
175522415,5310,121
175522431,5691,34
175522448,5691,115
175581330,5812,59
175669429,5714,115
175828330,5411,59
175828332,5411,42
175828335,5411,53
175828336,5411,53
175916489,5499,115
175916492,5541,65
176090469,5977,115
176090585,5718,65
176114518,5411,120
176114528,5691,115
176114529,5411,115
176114530,5411,115
176114543,5499,141
176206448,5912,63
176206472,5691,115
176206583,5499,96
176206587,5499,160
176206588,5499,50
176206591,5499,63
176245546,5691,115
176304352,5718,115
176304581,5661,63
176304582,5661,115
176347452,5691,63
176347467,5812,115
176347557,5691,59
176393600,5977,42
176393647,5499,63
176393664,5541,100
176442362,5691,63
176442471,5691,115
176442663,5814,88
176486352,5942,115
176486430,5691,115
176486433,5691,63
176486456,5691,53
176486554,5691,115
186516395,5541,115
186516620,5718,63
186573718,5661,115
186623538,5814,115
186623733,5977,63
186739408,5977,115
186739514,5691,63
186787516,5411,63
186837345,5411,59
186837531,5691,38
186930570,5411,4
187007541,5310,42
187100642,5499,63
187153472,5812,123
187153529,5411,86
187153800,5499,141
187196384,5411,4
187272572,5499,100
187368513,5942,61
187496405,5945,50
187589654,5691,42
187589698,5812,115
187660406,5691,61
187660454,5814,42
187660523,5310,96
187993354,5691,115
188052330,5661,61
188125355,5541,2
188125606,5691,115
188261378,5310,123
188261385,5310,12
188261796,5411,121
188261797,5411,42
188261799,5411,115
188261801,5411,60
188261802,5411,82
188261803,5411,82
188261804,5411,15
188261805,5411,121
188261806,5411,121
188261810,5411,82
188261811,5411,77
188261814,5411,53
188261816,5411,42
188261817,5411,121
188261819,5411,82
188261824,5411,100
188261825,5411,34
188261829,5411,121
188261830,5411,42
188261832,5411,88
188261833,5411,1
188261834,5411,60
188261835,5411,1
188261836,5411,88
188261837,5411,123
188261844,5411,100
188261847,5411,42
188261848,5411,81
188261849,5411,123
188261855,5411,82
188261857,5411,81
188261858,5411,121
188261859,5411,121
188261861,5411,115
188261864,5411,120
188261868,5411,120
188261871,5411,100
188261873,5411,121
188261874,5411,34
188261875,5411,81
188261877,5411,77
188349474,5310,160
188394363,5541,121
188469379,5499,2
188469548,5411,77
188521512,5499,160
188521685,5411,77
188582482,5411,115
188582662,5691,34
188667330,5541,63
188667566,5411,115
188754761,5499,63
188825548,5411,87
188866338,5541,87
188911361,5499,9
188911761,5499,63
188961380,5411,15
189001758,5718,115
189071567,5977,50
189071860,5691,65
189111716,5411,60
189157357,5541,121
189205671,5691,63
189246699,5732,82
189246729,5310,123
189246856,5411,81
189360490,5691,115
189360572,5541,100
189360708,5411,123
189360799,5499,115
189360806,5499,63
189404347,5621,33
189493349,5541,160
189493730,5499,61
189611519,5411,115
189654840,5977,59
189707761,5691,84
189756345,5541,79
189756735,5541,42
189846530,5499,53
189846644,5499,63
189932528,5541,12
190025732,5411,100
190119543,5411,100
190119557,5411,70
190119594,5411,70
190119670,5411,121
190119674,5411,121
191618718,5621,123
191618720,5691,34
191713468,5411,82
191713638,5691,141
191869359,5411,96
192001376,5541,53
192048428,5541,4
192217377,5411,38
192217650,5722,63
192426505,5310,59
192478479,5541,82
192521611,5462,115
192580372,5541,77
192693341,5541,86
192967767,5411,100
193013587,5641,50
193013591,5641,120
193064516,5310,53
193256694,5411,53
193361364,5541,17
193459581,5411,120
193547491,5541,34
193547587,5541,98
193717604,5499,100
193717735,5499,4
193717736,5499,160
193761609,5411,87
193856337,5541,79
193856338,5541,59
194013356,5411,121
194058666,5499,42
194105429,5111,38
194105672,5541,59
194258498,5541,65
194399414,5411,53
194399751,5718,70
194540760,5691,50
194853798,5941,4
194943978,5411,12
195403355,5411,96
195691371,5541,100
195798617,5641,123
195840800,5411,121
196313351,5541,121
196313352,5541,34
196395423,5541,42
196524445,5499,70
196875500,5411,88
